r_seed=1,   C[0],   C[1],   H[2],   H[3],  
Charges,    2.0653000000,    2.2552000000,    0.9991000000,    0.9999000000,  
Time[fs], 120.000000, 120.000000, 120.000000, 120.000000,  
Charge Sum,    6.3195000000, 
X Velocity[A/fs],  -0.209919,   0.201064,  -0.697631,   0.686012,  
Y Velocity[A/fs],  -0.005928,   0.013627,  -0.012719,   0.032869, 
Z Velocity[A/fs],   0.005307,  -0.007842,   0.022700,  -0.020978,  
Speed[A/fs],   0.210070,   0.201678,   0.698116,   0.687119,  
 
r_seed=2,   C[0],   C[1],   H[2],   H[3],  
Charges,    2.0653000000,    2.2552000000,    0.9991000000,    0.9999000000,  
Time[fs], 120.000000, 120.000000, 120.000000, 120.000000,  
Charge Sum,    6.3195000000, 
X Velocity[A/fs],  -0.207518,   0.203036,  -0.694464,   0.691030,  
Y Velocity[A/fs],  -0.000417,   0.003394,  -0.005737,  -0.017017, 
Z Velocity[A/fs],  -0.000872,  -0.007228,  -0.016957,   0.067255,  
Speed[A/fs],   0.207520,   0.203193,   0.694695,   0.694503,  
 
r_seed=3,   C[0],   C[1],   H[2],   H[3],  
Charges,    2.0653000000,    2.2552000000,    0.9991000000,    0.9999000000,  
Time[fs], 120.000000, 120.000000, 120.000000, 120.000000,  
Charge Sum,    6.3195000000, 
X Velocity[A/fs],  -0.206396,   0.204228,  -0.692165,   0.688988,  
Y Velocity[A/fs],   0.023194,  -0.015354,  -0.008042,   0.001335, 
Z Velocity[A/fs],  -0.006735,   0.011581,  -0.006564,   0.012035,  
Speed[A/fs],   0.207804,   0.205132,   0.692243,   0.689095,  
 
r_seed=4,   C[0],   C[1],   H[2],   H[3],  
Charges,    2.0653000000,    2.2552000000,    0.9991000000,    0.9999000000,  
Time[fs], 120.000000, 120.000000, 120.000000, 120.000000,  
Charge Sum,    6.3195000000, 
X Velocity[A/fs],  -0.208727,   0.202967,  -0.691606,   0.687435,  
Y Velocity[A/fs],   0.005452,  -0.009376,   0.011875,  -0.011977, 
Z Velocity[A/fs],   0.007719,  -0.003484,  -0.069436,  -0.042263,  
Speed[A/fs],   0.208941,   0.203213,   0.695184,   0.688837,  
 
r_seed=5,   C[0],   C[1],   H[2],   H[3],  
Charges,    2.0653000000,    2.2552000000,    0.9991000000,    0.9999000000,  
Time[fs], 120.000000, 120.000000, 120.000000, 120.000000,  
Charge Sum,    6.3195000000, 
X Velocity[A/fs],  -0.205400,   0.204742,  -0.694171,   0.695212,  
Y Velocity[A/fs],   0.002030,   0.008702,   0.025421,   0.011695, 
Z Velocity[A/fs],  -0.000860,  -0.007596,  -0.001088,   0.013111,  
Speed[A/fs],   0.205412,   0.205068,   0.694637,   0.695434,  
 
r_seed=6,   C[0],   C[1],   H[2],   H[3],  
Charges,    2.0653000000,    2.2552000000,    0.9991000000,    0.9999000000,  
Time[fs], 120.000000, 120.000000, 120.000000, 120.000000,  
Charge Sum,    6.3195000000, 
X Velocity[A/fs],  -0.210126,   0.200839,  -0.695633,   0.687586,  
Y Velocity[A/fs],   0.008777,  -0.002588,   0.037884,  -0.017805, 
Z Velocity[A/fs],   0.014282,  -0.007735,   0.023926,  -0.010272,  
Speed[A/fs],   0.210794,   0.201004,   0.697075,   0.687893,  
 
r_seed=7,   C[0],   C[1],   H[2],   H[3],  
Charges,    2.0653000000,    2.2552000000,    0.9991000000,    0.9999000000,  
Time[fs], 120.000000, 120.000000, 120.000000, 120.000000,  
Charge Sum,    6.3195000000, 
X Velocity[A/fs],  -0.205826,   0.205226,  -0.692796,   0.687060,  
Y Velocity[A/fs],  -0.005369,  -0.002469,   0.034037,   0.011447, 
Z Velocity[A/fs],   0.006536,  -0.012919,  -0.026607,   0.080520,  
Speed[A/fs],   0.206000,   0.205647,   0.694141,   0.691857,  
 
r_seed=8,   C[0],   C[1],   H[2],   H[3],  
Charges,    2.0653000000,    2.2552000000,    0.9991000000,    0.9999000000,  
Time[fs], 120.000000, 120.000000, 120.000000, 120.000000,  
Charge Sum,    6.3195000000, 
X Velocity[A/fs],  -0.209976,   0.202542,  -0.695761,   0.681540,  
Y Velocity[A/fs],  -0.003383,   0.002206,  -0.011565,  -0.072133, 
Z Velocity[A/fs],  -0.008198,   0.000939,   0.014530,  -0.025438,  
Speed[A/fs],   0.210164,   0.202556,   0.696008,   0.685818,  
 
r_seed=9,   C[0],   C[1],   H[2],   H[3],  
Charges,    2.0653000000,    2.2552000000,    0.9991000000,    0.9999000000,  
Time[fs], 120.000000, 120.000000, 120.000000, 120.000000,  
Charge Sum,    6.3195000000, 
X Velocity[A/fs],  -0.207061,   0.202715,  -0.693968,   0.691831,  
Y Velocity[A/fs],  -0.005496,   0.007670,  -0.043133,   0.006721, 
Z Velocity[A/fs],   0.017515,  -0.010438,  -0.030387,  -0.020911,  
Speed[A/fs],   0.207873,   0.203128,   0.695971,   0.692179,  
 
r_seed=10,   C[0],   C[1],   H[2],   H[3],  
Charges,    2.0653000000,    2.2552000000,    0.9991000000,    0.9999000000,  
Time[fs], 120.000000, 120.000000, 120.000000, 120.000000,  
Charge Sum,    6.3195000000, 
X Velocity[A/fs],  -0.212330,   0.200641,  -0.694359,   0.679551,  
Y Velocity[A/fs],   0.001618,   0.001441,  -0.041184,  -0.052134, 
Z Velocity[A/fs],   0.004336,  -0.012188,  -0.000586,   0.051714,  
Speed[A/fs],   0.212381,   0.201016,   0.695580,   0.683507,  
 
r_seed=11,   C[0],   C[1],   H[2],   H[3],  
Charges,    2.0653000000,    2.2552000000,    0.9991000000,    0.9999000000,  
Time[fs], 120.000000, 120.000000, 120.000000, 120.000000,  
Charge Sum,    6.3195000000, 
X Velocity[A/fs],  -0.209096,   0.202556,  -0.694190,   0.687702,  
Y Velocity[A/fs],   0.002346,  -0.004140,  -0.015188,  -0.001706, 
Z Velocity[A/fs],  -0.005367,  -0.004966,   0.064775,   0.002684,  
Speed[A/fs],   0.209178,   0.202659,   0.697371,   0.687709,  
 
r_seed=12,   C[0],   C[1],   H[2],   H[3],  
Charges,    2.0653000000,    2.2552000000,    0.9991000000,    0.9999000000,  
Time[fs], 120.000000, 120.000000, 120.000000, 120.000000,  
Charge Sum,    6.3195000000, 
X Velocity[A/fs],  -0.207175,   0.203196,  -0.692628,   0.690828,  
Y Velocity[A/fs],   0.000847,   0.004202,  -0.015118,   0.042255, 
Z Velocity[A/fs],   0.016908,  -0.013155,  -0.027021,  -0.034711,  
Speed[A/fs],   0.207865,   0.203664,   0.693319,   0.692989,  
 
r_seed=13,   C[0],   C[1],   H[2],   H[3],  
Charges,    2.0653000000,    2.2552000000,    0.9991000000,    0.9999000000,  
Time[fs], 120.000000, 120.000000, 120.000000, 120.000000,  
Charge Sum,    6.3195000000, 
X Velocity[A/fs],  -0.208450,   0.202653,  -0.696886,   0.686246,  
Y Velocity[A/fs],   0.000899,   0.006525,  -0.014429,  -0.030133, 
Z Velocity[A/fs],   0.001879,  -0.012373,   0.045092,   0.027487,  
Speed[A/fs],   0.208460,   0.203135,   0.698493,   0.687457,  
 
r_seed=14,   C[0],   C[1],   H[2],   H[3],  
Charges,    2.0653000000,    2.2552000000,    0.9991000000,    0.9999000000,  
Time[fs], 120.000000, 120.000000, 120.000000, 120.000000,  
Charge Sum,    6.3195000000, 
X Velocity[A/fs],  -0.207586,   0.203560,  -0.694730,   0.688906,  
Y Velocity[A/fs],   0.008271,  -0.009363,   0.003999,   0.039132, 
Z Velocity[A/fs],  -0.000393,  -0.009779,  -0.032082,  -0.002771,  
Speed[A/fs],   0.207751,   0.204009,   0.695482,   0.690022,  
 
r_seed=15,   C[0],   C[1],   H[2],   H[3],  
Charges,    2.0653000000,    2.2552000000,    0.9991000000,    0.9999000000,  
Time[fs], 120.000000, 120.000000, 120.000000, 120.000000,  
Charge Sum,    6.3195000000, 
X Velocity[A/fs],  -0.209903,   0.201159,  -0.696359,   0.684463,  
Y Velocity[A/fs],   0.012335,  -0.007515,   0.001372,  -0.017182, 
Z Velocity[A/fs],   0.012910,  -0.006096,  -0.003810,  -0.064587,  
Speed[A/fs],   0.210661,   0.201392,   0.696371,   0.687718,  
 
r_seed=16,   C[0],   C[1],   H[2],   H[3],  
Charges,    2.0653000000,    2.2552000000,    0.9991000000,    0.9999000000,  
Time[fs], 120.000000, 120.000000, 120.000000, 120.000000,  
Charge Sum,    6.3195000000, 
X Velocity[A/fs],  -0.209607,   0.200807,  -0.695038,   0.688803,  
Y Velocity[A/fs],  -0.019717,   0.009932,   0.029341,   0.013696, 
Z Velocity[A/fs],   0.001401,  -0.009242,   0.019651,   0.014707,  
Speed[A/fs],   0.210537,   0.201265,   0.695934,   0.689096,  
 
r_seed=17,   C[0],   C[1],   H[2],   H[3],  
Charges,    2.0653000000,    2.2552000000,    0.9991000000,    0.9999000000,  
Time[fs], 120.000000, 120.000000, 120.000000, 120.000000,  
Charge Sum,    6.3195000000, 
X Velocity[A/fs],  -0.202359,   0.207949,  -0.691399,   0.696018,  
Y Velocity[A/fs],  -0.007266,   0.003339,   0.044251,  -0.023228, 
Z Velocity[A/fs],  -0.003552,  -0.000251,  -0.023342,  -0.020645,  
Speed[A/fs],   0.202521,   0.207976,   0.693206,   0.696711,  
 
r_seed=18,   C[0],   C[1],   H[2],   H[3],  
Charges,    2.0653000000,    2.2552000000,    0.9991000000,    0.9999000000,  
Time[fs], 120.000000, 120.000000, 120.000000, 120.000000,  
Charge Sum,    6.3195000000, 
X Velocity[A/fs],  -0.206388,   0.206028,  -0.691253,   0.684545,  
Y Velocity[A/fs],  -0.002521,  -0.004710,   0.011313,   0.009759, 
Z Velocity[A/fs],   0.009405,  -0.013677,   0.021484,   0.076998,  
Speed[A/fs],   0.206618,   0.206535,   0.691679,   0.688931,  
 
r_seed=19,   C[0],   C[1],   H[2],   H[3],  
Charges,    2.0653000000,    2.2552000000,    0.9991000000,    0.9999000000,  
Time[fs], 120.000000, 120.000000, 120.000000, 120.000000,  
Charge Sum,    6.3195000000, 
X Velocity[A/fs],  -0.207695,   0.202374,  -0.696537,   0.690369,  
Y Velocity[A/fs],  -0.003747,   0.004526,  -0.048266,   0.003656, 
Z Velocity[A/fs],  -0.004004,   0.010122,  -0.027430,  -0.036454,  
Speed[A/fs],   0.207768,   0.202678,   0.698746,   0.691341,  
 
r_seed=20,   C[0],   C[1],   H[2],   H[3],  
Charges,    2.0653000000,    2.2552000000,    0.9991000000,    0.9999000000,  
Time[fs], 120.000000, 120.000000, 120.000000, 120.000000,  
Charge Sum,    6.3195000000, 
X Velocity[A/fs],  -0.211217,   0.201140,  -0.693154,   0.685303,  
Y Velocity[A/fs],   0.001112,   0.003621,  -0.054217,  -0.000074, 
Z Velocity[A/fs],  -0.004912,  -0.006087,   0.015006,  -0.046321,  
Speed[A/fs],   0.211277,   0.201265,   0.695433,   0.686866,  
 
r_seed=21,   C[0],   C[1],   H[2],   H[3],  
Charges,    2.0653000000,    2.2552000000,    0.9991000000,    0.9999000000,  
Time[fs], 120.000000, 120.000000, 120.000000, 120.000000,  
Charge Sum,    6.3195000000, 
X Velocity[A/fs],  -0.207844,   0.202694,  -0.695760,   0.686350,  
Y Velocity[A/fs],   0.001195,  -0.002839,   0.037337,   0.010614, 
Z Velocity[A/fs],   0.011618,  -0.014082,  -0.033044,   0.062607,  
Speed[A/fs],   0.208172,   0.203202,   0.697544,   0.689282,  
 
r_seed=22,   C[0],   C[1],   H[2],   H[3],  
Charges,    2.0653000000,    2.2552000000,    0.9991000000,    0.9999000000,  
Time[fs], 120.000000, 120.000000, 120.000000, 120.000000,  
Charge Sum,    6.3195000000, 
X Velocity[A/fs],  -0.213252,   0.197834,  -0.697744,   0.683519,  
Y Velocity[A/fs],   0.014454,  -0.014779,  -0.017238,  -0.001630, 
Z Velocity[A/fs],  -0.006781,   0.011166,  -0.007267,  -0.014383,  
Speed[A/fs],   0.213849,   0.198699,   0.697995,   0.683672,  
 
r_seed=23,   C[0],   C[1],   H[2],   H[3],  
Charges,    2.0653000000,    2.2552000000,    0.9991000000,    0.9999000000,  
Time[fs], 120.000000, 120.000000, 120.000000, 120.000000,  
Charge Sum,    6.3195000000, 
X Velocity[A/fs],  -0.206333,   0.204786,  -0.693090,   0.685412,  
Y Velocity[A/fs],   0.000722,   0.008329,  -0.015989,   0.038615, 
Z Velocity[A/fs],  -0.011367,   0.016825,   0.016443,  -0.071328,  
Speed[A/fs],   0.206647,   0.205645,   0.693470,   0.690194,  
 
r_seed=24,   C[0],   C[1],   H[2],   H[3],  
Charges,    2.0653000000,    2.2552000000,    0.9991000000,    0.9999000000,  
Time[fs], 120.000000, 120.000000, 120.000000, 120.000000,  
Charge Sum,    6.3195000000, 
X Velocity[A/fs],  -0.206265,   0.205099,  -0.690494,   0.692798,  
Y Velocity[A/fs],   0.009668,  -0.001600,  -0.013280,  -0.017466, 
Z Velocity[A/fs],   0.006184,   0.002971,  -0.052968,   0.010911,  
Speed[A/fs],   0.206584,   0.205127,   0.692650,   0.693104,  
 
r_seed=25,   C[0],   C[1],   H[2],   H[3],  
Charges,    2.0653000000,    2.2552000000,    0.9991000000,    0.9999000000,  
Time[fs], 120.000000, 120.000000, 120.000000, 120.000000,  
Charge Sum,    6.3195000000, 
X Velocity[A/fs],  -0.210498,   0.200411,  -0.696258,   0.686739,  
Y Velocity[A/fs],  -0.012789,   0.000172,   0.010921,   0.034819, 
Z Velocity[A/fs],  -0.008200,   0.012677,   0.015099,  -0.028054,  
Speed[A/fs],   0.211046,   0.200812,   0.696507,   0.688193,  
 
r_seed=26,   C[0],   C[1],   H[2],   H[3],  
Charges,    2.0653000000,    2.2552000000,    0.9991000000,    0.9999000000,  
Time[fs], 120.000000, 120.000000, 120.000000, 120.000000,  
Charge Sum,    6.3195000000, 
X Velocity[A/fs],  -0.210292,   0.200863,  -0.694280,   0.688871,  
Y Velocity[A/fs],  -0.000743,  -0.008439,   0.008235,  -0.015761, 
Z Velocity[A/fs],   0.008262,   0.000263,  -0.059343,   0.016209,  
Speed[A/fs],   0.210455,   0.201040,   0.696860,   0.689242,  
 
r_seed=27,   C[0],   C[1],   H[2],   H[3],  
Charges,    2.0653000000,    2.2552000000,    0.9991000000,    0.9999000000,  
Time[fs], 120.000000, 120.000000, 120.000000, 120.000000,  
Charge Sum,    6.3195000000, 
X Velocity[A/fs],  -0.209911,   0.200958,  -0.698271,   0.686289,  
Y Velocity[A/fs],  -0.010818,   0.011434,   0.024576,   0.016777, 
Z Velocity[A/fs],   0.002446,   0.009061,  -0.016614,   0.002252,  
Speed[A/fs],   0.210204,   0.201486,   0.698901,   0.686498,  
 
r_seed=28,   C[0],   C[1],   H[2],   H[3],  
Charges,    2.0653000000,    2.2552000000,    0.9991000000,    0.9999000000,  
Time[fs], 120.000000, 120.000000, 120.000000, 120.000000,  
Charge Sum,    6.3195000000, 
X Velocity[A/fs],  -0.206236,   0.205527,  -0.690067,   0.687174,  
Y Velocity[A/fs],  -0.004899,   0.002754,   0.035166,  -0.040776, 
Z Velocity[A/fs],  -0.012276,   0.019268,   0.029215,  -0.033777,  
Speed[A/fs],   0.206659,   0.206447,   0.691580,   0.689211,  
 
r_seed=29,   C[0],   C[1],   H[2],   H[3],  
Charges,    2.0653000000,    2.2552000000,    0.9991000000,    0.9999000000,  
Time[fs], 120.000000, 120.000000, 120.000000, 120.000000,  
Charge Sum,    6.3195000000, 
X Velocity[A/fs],  -0.205994,   0.204435,  -0.692509,   0.693670,  
Y Velocity[A/fs],  -0.000944,  -0.005547,   0.060712,   0.011090, 
Z Velocity[A/fs],   0.005109,   0.004418,  -0.024258,   0.018921,  
Speed[A/fs],   0.206060,   0.204558,   0.695589,   0.694016,  
 
r_seed=30,   C[0],   C[1],   H[2],   H[3],  
Charges,    2.0653000000,    2.2552000000,    0.9991000000,    0.9999000000,  
Time[fs], 120.000000, 120.000000, 120.000000, 120.000000,  
Charge Sum,    6.3195000000, 
X Velocity[A/fs],  -0.210169,   0.201785,  -0.694493,   0.685061,  
Y Velocity[A/fs],  -0.002475,   0.012166,   0.028087,  -0.039352, 
Z Velocity[A/fs],  -0.001769,   0.014387,   0.001911,  -0.013653,  
Speed[A/fs],   0.210191,   0.202662,   0.695064,   0.686326,  
 
r_seed=31,   C[0],   C[1],   H[2],   H[3],  
Charges,    2.0653000000,    2.2552000000,    0.9991000000,    0.9999000000,  
Time[fs], 120.000000, 120.000000, 120.000000, 120.000000,  
Charge Sum,    6.3195000000, 
X Velocity[A/fs],  -0.206073,   0.204876,  -0.693309,   0.689098,  
Y Velocity[A/fs],   0.005201,   0.001252,  -0.032761,  -0.000730, 
Z Velocity[A/fs],  -0.003482,   0.008353,  -0.051124,  -0.057906,  
Speed[A/fs],   0.206168,   0.205050,   0.695963,   0.691527,  
 
r_seed=32,   C[0],   C[1],   H[2],   H[3],  
Charges,    2.0653000000,    2.2552000000,    0.9991000000,    0.9999000000,  
Time[fs], 120.000000, 120.000000, 120.000000, 120.000000,  
Charge Sum,    6.3195000000, 
X Velocity[A/fs],  -0.211349,   0.200620,  -0.694959,   0.681516,  
Y Velocity[A/fs],   0.006074,  -0.009152,  -0.037068,   0.085185, 
Z Velocity[A/fs],   0.002186,   0.005683,  -0.009916,   0.010525,  
Speed[A/fs],   0.211448,   0.200909,   0.696017,   0.686899,  
 
r_seed=33,   C[0],   C[1],   H[2],   H[3],  
Charges,    2.0653000000,    2.2552000000,    0.9991000000,    0.9999000000,  
Time[fs], 120.000000, 120.000000, 120.000000, 120.000000,  
Charge Sum,    6.3195000000, 
X Velocity[A/fs],  -0.206600,   0.204201,  -0.688534,   0.690059,  
Y Velocity[A/fs],   0.017789,  -0.011377,  -0.069172,  -0.009362, 
Z Velocity[A/fs],  -0.002487,   0.006522,   0.052090,  -0.028981,  
Speed[A/fs],   0.207379,   0.204622,   0.693958,   0.690731,  
 
r_seed=34,   C[0],   C[1],   H[2],   H[3],  
Charges,    2.0653000000,    2.2552000000,    0.9991000000,    0.9999000000,  
Time[fs], 120.000000, 120.000000, 120.000000, 120.000000,  
Charge Sum,    6.3195000000, 
X Velocity[A/fs],  -0.211038,   0.200386,  -0.696071,   0.684573,  
Y Velocity[A/fs],  -0.013665,   0.007905,  -0.003155,   0.046778, 
Z Velocity[A/fs],  -0.008466,   0.008974,  -0.017497,   0.019835,  
Speed[A/fs],   0.211649,   0.200743,   0.696298,   0.686456,  
 
r_seed=35,   C[0],   C[1],   H[2],   H[3],  
Charges,    2.0653000000,    2.2552000000,    0.9991000000,    0.9999000000,  
Time[fs], 120.000000, 120.000000, 120.000000, 120.000000,  
Charge Sum,    6.3195000000, 
X Velocity[A/fs],  -0.210130,   0.200156,  -0.698489,   0.689528,  
Y Velocity[A/fs],  -0.005176,   0.005188,  -0.010307,  -0.037726, 
Z Velocity[A/fs],   0.006168,   0.000633,   0.014060,   0.018331,  
Speed[A/fs],   0.210285,   0.200224,   0.698707,   0.690803,  
 
r_seed=36,   C[0],   C[1],   H[2],   H[3],  
Charges,    2.0653000000,    2.2552000000,    0.9991000000,    0.9999000000,  
Time[fs], 120.000000, 120.000000, 120.000000, 120.000000,  
Charge Sum,    6.3195000000, 
X Velocity[A/fs],  -0.208697,   0.202201,  -0.696271,   0.688116,  
Y Velocity[A/fs],  -0.001464,  -0.008067,   0.001553,   0.039399, 
Z Velocity[A/fs],  -0.001194,   0.008354,  -0.023672,  -0.042964,  
Speed[A/fs],   0.208705,   0.202534,   0.696675,   0.690580,  
 
r_seed=37,   C[0],   C[1],   H[2],   H[3],  
Charges,    2.0653000000,    2.2552000000,    0.9991000000,    0.9999000000,  
Time[fs], 120.000000, 120.000000, 120.000000, 120.000000,  
Charge Sum,    6.3195000000, 
X Velocity[A/fs],  -0.208834,   0.201959,  -0.697059,   0.685625,  
Y Velocity[A/fs],  -0.006371,   0.008283,   0.019503,  -0.033739, 
Z Velocity[A/fs],  -0.013666,   0.015232,  -0.001838,   0.023542,  
Speed[A/fs],   0.209377,   0.202702,   0.697334,   0.686858,  
 
r_seed=38,   C[0],   C[1],   H[2],   H[3],  
Charges,    2.0653000000,    2.2552000000,    0.9991000000,    0.9999000000,  
Time[fs], 120.000000, 120.000000, 120.000000, 120.000000,  
Charge Sum,    6.3195000000, 
X Velocity[A/fs],  -0.207871,   0.203727,  -0.689925,   0.693090,  
Y Velocity[A/fs],  -0.001938,   0.003120,   0.010918,   0.019179, 
Z Velocity[A/fs],   0.000413,   0.004246,   0.057822,  -0.003390,  
Speed[A/fs],   0.207880,   0.203795,   0.692430,   0.693363,  
 
r_seed=39,   C[0],   C[1],   H[2],   H[3],  
Charges,    2.0653000000,    2.2552000000,    0.9991000000,    0.9999000000,  
Time[fs], 120.000000, 120.000000, 120.000000, 120.000000,  
Charge Sum,    6.3195000000, 
X Velocity[A/fs],  -0.213531,   0.197802,  -0.699669,   0.682721,  
Y Velocity[A/fs],   0.001656,  -0.001132,   0.027180,  -0.033923, 
Z Velocity[A/fs],  -0.003783,   0.010987,  -0.029748,  -0.019426,  
Speed[A/fs],   0.213571,   0.198110,   0.700829,   0.683839,  
 
r_seed=40,   C[0],   C[1],   H[2],   H[3],  
Charges,    2.0653000000,    2.2552000000,    0.9991000000,    0.9999000000,  
Time[fs], 120.000000, 120.000000, 120.000000, 120.000000,  
Charge Sum,    6.3195000000, 
X Velocity[A/fs],  -0.207901,   0.203161,  -0.691552,   0.689003,  
Y Velocity[A/fs],   0.008939,  -0.014966,   0.045605,   0.015685, 
Z Velocity[A/fs],  -0.013293,   0.007331,   0.029092,   0.026111,  
Speed[A/fs],   0.208517,   0.203844,   0.693664,   0.689676,  
 
r_seed=41,   C[0],   C[1],   H[2],   H[3],  
Charges,    2.0653000000,    2.2552000000,    0.9991000000,    0.9999000000,  
Time[fs], 120.000000, 120.000000, 120.000000, 120.000000,  
Charge Sum,    6.3195000000, 
X Velocity[A/fs],  -0.207415,   0.203710,  -0.694213,   0.689426,  
Y Velocity[A/fs],   0.003748,   0.010366,   0.047803,  -0.029741, 
Z Velocity[A/fs],   0.002096,   0.003996,  -0.026390,  -0.011066,  
Speed[A/fs],   0.207459,   0.204013,   0.696357,   0.690156,  
 
r_seed=42,   C[0],   C[1],   H[2],   H[3],  
Charges,    2.0653000000,    2.2552000000,    0.9991000000,    0.9999000000,  
Time[fs], 120.000000, 120.000000, 120.000000, 120.000000,  
Charge Sum,    6.3195000000, 
X Velocity[A/fs],  -0.211741,   0.199271,  -0.695527,   0.686336,  
Y Velocity[A/fs],   0.012240,  -0.001774,  -0.052196,  -0.000267, 
Z Velocity[A/fs],  -0.005808,   0.007863,   0.003826,  -0.045990,  
Speed[A/fs],   0.212174,   0.199434,   0.697493,   0.687876,  
 
r_seed=43,   C[0],   C[1],   H[2],   H[3],  
Charges,    2.0653000000,    2.2552000000,    0.9991000000,    0.9999000000,  
Time[fs], 120.000000, 120.000000, 120.000000, 120.000000,  
Charge Sum,    6.3195000000, 
X Velocity[A/fs],  -0.204829,   0.205730,  -0.691390,   0.692112,  
Y Velocity[A/fs],  -0.010012,  -0.000498,  -0.035944,   0.022897, 
Z Velocity[A/fs],  -0.015174,   0.008892,   0.031587,   0.032085,  
Speed[A/fs],   0.205634,   0.205923,   0.693044,   0.693233,  
 
r_seed=44,   C[0],   C[1],   H[2],   H[3],  
Charges,    2.0653000000,    2.2552000000,    0.9991000000,    0.9999000000,  
Time[fs], 120.000000, 120.000000, 120.000000, 120.000000,  
Charge Sum,    6.3195000000, 
X Velocity[A/fs],  -0.210760,   0.201707,  -0.694751,   0.685266,  
Y Velocity[A/fs],  -0.006712,  -0.005833,  -0.024199,  -0.005756, 
Z Velocity[A/fs],   0.003431,   0.001950,  -0.030184,  -0.031099,  
Speed[A/fs],   0.210894,   0.201801,   0.695827,   0.685996,  
 
r_seed=45,   C[0],   C[1],   H[2],   H[3],  
Charges,    2.0653000000,    2.2552000000,    0.9991000000,    0.9999000000,  
Time[fs], 120.000000, 120.000000, 120.000000, 120.000000,  
Charge Sum,    6.3195000000, 
X Velocity[A/fs],  -0.207338,   0.203443,  -0.692148,   0.689591,  
Y Velocity[A/fs],  -0.005525,   0.008993,  -0.045834,   0.055867, 
Z Velocity[A/fs],  -0.007738,   0.004378,   0.036063,   0.034709,  
Speed[A/fs],   0.207555,   0.203689,   0.694601,   0.692720,  
 
r_seed=46,   C[0],   C[1],   H[2],   H[3],  
Charges,    2.0653000000,    2.2552000000,    0.9991000000,    0.9999000000,  
Time[fs], 120.000000, 120.000000, 120.000000, 120.000000,  
Charge Sum,    6.3195000000, 
X Velocity[A/fs],  -0.214167,   0.197363,  -0.699343,   0.682635,  
Y Velocity[A/fs],  -0.002219,   0.001778,  -0.005313,  -0.021984, 
Z Velocity[A/fs],  -0.010457,   0.009745,  -0.034000,   0.003903,  
Speed[A/fs],   0.214434,   0.197611,   0.700190,   0.683000,  
 
r_seed=47,   C[0],   C[1],   H[2],   H[3],  
Charges,    2.0653000000,    2.2552000000,    0.9991000000,    0.9999000000,  
Time[fs], 120.000000, 120.000000, 120.000000, 120.000000,  
Charge Sum,    6.3195000000, 
X Velocity[A/fs],  -0.209083,   0.202115,  -0.698956,   0.684392,  
Y Velocity[A/fs],   0.002777,  -0.010258,  -0.005268,   0.055693, 
Z Velocity[A/fs],   0.001926,   0.004455,   0.003214,  -0.025957,  
Speed[A/fs],   0.209110,   0.202424,   0.698983,   0.687145,  
 
r_seed=48,   C[0],   C[1],   H[2],   H[3],  
Charges,    2.0653000000,    2.2552000000,    0.9991000000,    0.9999000000,  
Time[fs], 120.000000, 120.000000, 120.000000, 120.000000,  
Charge Sum,    6.3195000000, 
X Velocity[A/fs],  -0.208240,   0.203369,  -0.690790,   0.688130,  
Y Velocity[A/fs],  -0.002940,   0.013732,   0.008551,  -0.046688, 
Z Velocity[A/fs],  -0.010781,   0.006570,   0.046226,   0.033917,  
Speed[A/fs],   0.208539,   0.203938,   0.692388,   0.690545,  
 
r_seed=49,   C[0],   C[1],   H[2],   H[3],  
Charges,    2.0653000000,    2.2552000000,    0.9991000000,    0.9999000000,  
Time[fs], 120.000000, 120.000000, 120.000000, 120.000000,  
Charge Sum,    6.3195000000, 
X Velocity[A/fs],  -0.211253,   0.199436,  -0.699088,   0.686910,  
Y Velocity[A/fs],   0.004137,   0.003107,  -0.000593,   0.019523, 
Z Velocity[A/fs],   0.013855,  -0.001616,  -0.023587,  -0.011736,  
Speed[A/fs],   0.211748,   0.199466,   0.699486,   0.687288,  
 
r_seed=50,   C[0],   C[1],   H[2],   H[3],  
Charges,    2.0653000000,    2.2552000000,    0.9991000000,    0.9999000000,  
Time[fs], 120.000000, 120.000000, 120.000000, 120.000000,  
Charge Sum,    6.3195000000, 
X Velocity[A/fs],  -0.207860,   0.203547,  -0.693784,   0.687679,  
Y Velocity[A/fs],   0.014327,  -0.004411,   0.014552,  -0.045427, 
Z Velocity[A/fs],   0.000284,   0.005446,   0.012514,  -0.042649,  
Speed[A/fs],   0.208353,   0.203668,   0.694049,   0.690496,  
 
r_seed=51,   C[0],   C[1],   H[2],   H[3],  
Charges,    2.0653000000,    2.2552000000,    0.9991000000,    0.9999000000,  
Time[fs], 120.000000, 120.000000, 120.000000, 120.000000,  
Charge Sum,    6.3195000000, 
X Velocity[A/fs],  -0.210490,   0.201145,  -0.697130,   0.685208,  
Y Velocity[A/fs],   0.005700,  -0.007322,   0.025529,   0.008022, 
Z Velocity[A/fs],  -0.004150,   0.002498,  -0.045317,   0.019921,  
Speed[A/fs],   0.210608,   0.201293,   0.699068,   0.685544,  
 
r_seed=52,   C[0],   C[1],   H[2],   H[3],  
Charges,    2.0653000000,    2.2552000000,    0.9991000000,    0.9999000000,  
Time[fs], 120.000000, 120.000000, 120.000000, 120.000000,  
Charge Sum,    6.3195000000, 
X Velocity[A/fs],  -0.208908,   0.201866,  -0.691395,   0.688200,  
Y Velocity[A/fs],  -0.016181,   0.013052,   0.069090,  -0.042789, 
Z Velocity[A/fs],   0.009173,  -0.000927,   0.002533,  -0.006412,  
Speed[A/fs],   0.209734,   0.202290,   0.694843,   0.689559,  
 
r_seed=53,   C[0],   C[1],   H[2],   H[3],  
Charges,    2.0653000000,    2.2552000000,    0.9991000000,    0.9999000000,  
Time[fs], 120.000000, 120.000000, 120.000000, 120.000000,  
Charge Sum,    6.3195000000, 
X Velocity[A/fs],  -0.201772,   0.209026,  -0.689937,   0.695545,  
Y Velocity[A/fs],  -0.014980,   0.006018,   0.026596,   0.007496, 
Z Velocity[A/fs],   0.001228,   0.001480,  -0.001474,  -0.024712,  
Speed[A/fs],   0.202331,   0.209118,   0.690451,   0.696024,  
 
r_seed=54,   C[0],   C[1],   H[2],   H[3],  
Charges,    2.0653000000,    2.2552000000,    0.9991000000,    0.9999000000,  
Time[fs], 120.000000, 120.000000, 120.000000, 120.000000,  
Charge Sum,    6.3195000000, 
X Velocity[A/fs],  -0.211198,   0.200809,  -0.696035,   0.684824,  
Y Velocity[A/fs],   0.001695,  -0.009684,  -0.032354,   0.029332, 
Z Velocity[A/fs],  -0.009314,   0.004296,  -0.007180,   0.014722,  
Speed[A/fs],   0.211410,   0.201088,   0.696823,   0.685610,  
 
r_seed=55,   C[0],   C[1],   H[2],   H[3],  
Charges,    2.0653000000,    2.2552000000,    0.9991000000,    0.9999000000,  
Time[fs], 120.000000, 120.000000, 120.000000, 120.000000,  
Charge Sum,    6.3195000000, 
X Velocity[A/fs],  -0.203047,   0.206759,  -0.692791,   0.695365,  
Y Velocity[A/fs],  -0.005227,   0.007391,  -0.009080,   0.029931, 
Z Velocity[A/fs],   0.013190,  -0.010972,  -0.008658,  -0.019486,  
Speed[A/fs],   0.203542,   0.207181,   0.692905,   0.696281,  
 
r_seed=56,   C[0],   C[1],   H[2],   H[3],  
Charges,    2.0653000000,    2.2552000000,    0.9991000000,    0.9999000000,  
Time[fs], 120.000000, 120.000000, 120.000000, 120.000000,  
Charge Sum,    6.3195000000, 
X Velocity[A/fs],  -0.212047,   0.199429,  -0.698011,   0.683510,  
Y Velocity[A/fs],  -0.000297,   0.001705,  -0.033079,   0.055174, 
Z Velocity[A/fs],   0.001142,  -0.001019,  -0.019549,   0.036772,  
Speed[A/fs],   0.212050,   0.199439,   0.699068,   0.686718,  
 
r_seed=57,   C[0],   C[1],   H[2],   H[3],  
Charges,    2.0653000000,    2.2552000000,    0.9991000000,    0.9999000000,  
Time[fs], 120.000000, 120.000000, 120.000000, 120.000000,  
Charge Sum,    6.3195000000, 
X Velocity[A/fs],  -0.207998,   0.202560,  -0.697381,   0.688286,  
Y Velocity[A/fs],   0.002998,  -0.000994,  -0.010010,  -0.041661, 
Z Velocity[A/fs],  -0.015490,   0.006613,   0.014629,  -0.001508,  
Speed[A/fs],   0.208595,   0.202670,   0.697606,   0.689547,  
 
r_seed=58,   C[0],   C[1],   H[2],   H[3],  
Charges,    2.0653000000,    2.2552000000,    0.9991000000,    0.9999000000,  
Time[fs], 120.000000, 120.000000, 120.000000, 120.000000,  
Charge Sum,    6.3195000000, 
X Velocity[A/fs],  -0.210450,   0.202256,  -0.688945,   0.685779,  
Y Velocity[A/fs],   0.008168,  -0.011019,  -0.005489,  -0.020505, 
Z Velocity[A/fs],   0.010402,  -0.002384,  -0.076336,   0.000951,  
Speed[A/fs],   0.210865,   0.202570,   0.693183,   0.686087,  
 
r_seed=59,   C[0],   C[1],   H[2],   H[3],  
Charges,    2.0653000000,    2.2552000000,    0.9991000000,    0.9999000000,  
Time[fs], 120.000000, 120.000000, 120.000000, 120.000000,  
Charge Sum,    6.3195000000, 
X Velocity[A/fs],  -0.210504,   0.200441,  -0.698804,   0.684989,  
Y Velocity[A/fs],   0.010278,   0.002590,  -0.001997,  -0.048783, 
Z Velocity[A/fs],   0.000737,  -0.001735,  -0.016313,   0.041371,  
Speed[A/fs],   0.210757,   0.200465,   0.698997,   0.687969,  
 
r_seed=60,   C[0],   C[1],   H[2],   H[3],  
Charges,    2.0653000000,    2.2552000000,    0.9991000000,    0.9999000000,  
Time[fs], 120.000000, 120.000000, 120.000000, 120.000000,  
Charge Sum,    6.3195000000, 
X Velocity[A/fs],  -0.205357,   0.206055,  -0.689595,   0.692905,  
Y Velocity[A/fs],   0.003246,  -0.000387,   0.018658,   0.018432, 
Z Velocity[A/fs],  -0.014581,   0.004536,   0.048450,  -0.006247,  
Speed[A/fs],   0.205899,   0.206105,   0.691547,   0.693179,  
 
r_seed=61,   C[0],   C[1],   H[2],   H[3],  
Charges,    2.0653000000,    2.2552000000,    0.9991000000,    0.9999000000,  
Time[fs], 120.000000, 120.000000, 120.000000, 120.000000,  
Charge Sum,    6.3195000000, 
X Velocity[A/fs],  -0.211976,   0.198760,  -0.699423,   0.685379,  
Y Velocity[A/fs],  -0.007127,   0.000946,   0.016285,  -0.032046, 
Z Velocity[A/fs],   0.007205,  -0.000756,  -0.026566,  -0.040936,  
Speed[A/fs],   0.212218,   0.198763,   0.700117,   0.687347,  
 
r_seed=62,   C[0],   C[1],   H[2],   H[3],  
Charges,    2.0653000000,    2.2552000000,    0.9991000000,    0.9999000000,  
Time[fs], 120.000000, 120.000000, 120.000000, 120.000000,  
Charge Sum,    6.3195000000, 
X Velocity[A/fs],  -0.207927,   0.203650,  -0.692390,   0.691181,  
Y Velocity[A/fs],  -0.006260,  -0.010124,   0.031859,   0.014963, 
Z Velocity[A/fs],  -0.000766,  -0.001203,   0.009244,   0.022770,  
Speed[A/fs],   0.208022,   0.203905,   0.693185,   0.691718,  
 
r_seed=63,   C[0],   C[1],   H[2],   H[3],  
Charges,    2.0653000000,    2.2552000000,    0.9991000000,    0.9999000000,  
Time[fs], 120.000000, 120.000000, 120.000000, 120.000000,  
Charge Sum,    6.3195000000, 
X Velocity[A/fs],  -0.207694,   0.203641,  -0.692093,   0.686112,  
Y Velocity[A/fs],  -0.009243,   0.016674,   0.052162,  -0.051197, 
Z Velocity[A/fs],  -0.011841,   0.004285,  -0.018902,  -0.014588,  
Speed[A/fs],   0.208237,   0.204367,   0.694313,   0.688174,  
 
r_seed=64,   C[0],   C[1],   H[2],   H[3],  
Charges,    2.0653000000,    2.2552000000,    0.9991000000,    0.9999000000,  
Time[fs], 120.000000, 120.000000, 120.000000, 120.000000,  
Charge Sum,    6.3195000000, 
X Velocity[A/fs],  -0.209895,   0.202046,  -0.691230,   0.686498,  
Y Velocity[A/fs],  -0.005438,   0.000870,   0.075446,  -0.003246, 
Z Velocity[A/fs],   0.007101,  -0.006588,  -0.016451,   0.046216,  
Speed[A/fs],   0.210085,   0.202155,   0.695530,   0.688060,  
 
r_seed=65,   C[0],   C[1],   H[2],   H[3],  
Charges,    2.0653000000,    2.2552000000,    0.9991000000,    0.9999000000,  
Time[fs], 120.000000, 120.000000, 120.000000, 120.000000,  
Charge Sum,    6.3195000000, 
X Velocity[A/fs],  -0.205917,   0.204359,  -0.691277,   0.693673,  
Y Velocity[A/fs],   0.003434,  -0.008391,  -0.031030,   0.037647, 
Z Velocity[A/fs],  -0.003595,  -0.001972,   0.066608,   0.011603,  
Speed[A/fs],   0.205977,   0.204541,   0.695172,   0.694791,  
 
r_seed=66,   C[0],   C[1],   H[2],   H[3],  
Charges,    2.0653000000,    2.2552000000,    0.9991000000,    0.9999000000,  
Time[fs], 120.000000, 120.000000, 120.000000, 120.000000,  
Charge Sum,    6.3195000000, 
X Velocity[A/fs],  -0.211294,   0.199880,  -0.697774,   0.686429,  
Y Velocity[A/fs],   0.002123,   0.008760,  -0.029325,  -0.010446, 
Z Velocity[A/fs],  -0.009546,   0.002536,  -0.018010,  -0.021845,  
Speed[A/fs],   0.211520,   0.200088,   0.698622,   0.686856,  
 
r_seed=67,   C[0],   C[1],   H[2],   H[3],  
Charges,    2.0653000000,    2.2552000000,    0.9991000000,    0.9999000000,  
Time[fs], 120.000000, 120.000000, 120.000000, 120.000000,  
Charge Sum,    6.3195000000, 
X Velocity[A/fs],  -0.205592,   0.205944,  -0.692932,   0.688444,  
Y Velocity[A/fs],   0.002840,   0.001911,  -0.033391,   0.059473, 
Z Velocity[A/fs],   0.004482,  -0.004875,   0.012508,   0.037923,  
Speed[A/fs],   0.205660,   0.206011,   0.693849,   0.692047,  
 
r_seed=68,   C[0],   C[1],   H[2],   H[3],  
Charges,    2.0653000000,    2.2552000000,    0.9991000000,    0.9999000000,  
Time[fs], 120.000000, 120.000000, 120.000000, 120.000000,  
Charge Sum,    6.3195000000, 
X Velocity[A/fs],  -0.212483,   0.199712,  -0.692918,   0.685264,  
Y Velocity[A/fs],   0.012011,  -0.003219,  -0.037158,  -0.041554, 
Z Velocity[A/fs],   0.001526,  -0.003256,  -0.043650,  -0.001074,  
Speed[A/fs],   0.212828,   0.199764,   0.695285,   0.686524,  
 
r_seed=69,   C[0],   C[1],   H[2],   H[3],  
Charges,    2.0653000000,    2.2552000000,    0.9991000000,    0.9999000000,  
Time[fs], 120.000000, 120.000000, 120.000000, 120.000000,  
Charge Sum,    6.3195000000, 
X Velocity[A/fs],  -0.206860,   0.203286,  -0.695196,   0.689791,  
Y Velocity[A/fs],   0.017203,  -0.009393,  -0.013244,  -0.034217, 
Z Velocity[A/fs],  -0.011697,   0.004086,   0.007483,  -0.028429,  
Speed[A/fs],   0.207903,   0.203544,   0.695362,   0.691224,  
 
r_seed=70,   C[0],   C[1],   H[2],   H[3],  
Charges,    2.0653000000,    2.2552000000,    0.9991000000,    0.9999000000,  
Time[fs], 120.000000, 120.000000, 120.000000, 120.000000,  
Charge Sum,    6.3195000000, 
X Velocity[A/fs],  -0.213349,   0.199396,  -0.696656,   0.679516,  
Y Velocity[A/fs],  -0.010483,   0.012267,   0.006931,  -0.041544, 
Z Velocity[A/fs],   0.004341,  -0.006236,   0.014400,   0.031397,  
Speed[A/fs],   0.213651,   0.199870,   0.696839,   0.681508,  
 
r_seed=71,   C[0],   C[1],   H[2],   H[3],  
Charges,    2.0653000000,    2.2552000000,    0.9991000000,    0.9999000000,  
Time[fs], 120.000000, 120.000000, 120.000000, 120.000000,  
Charge Sum,    6.3195000000, 
X Velocity[A/fs],  -0.210360,   0.200538,  -0.698579,   0.686634,  
Y Velocity[A/fs],   0.000335,  -0.000335,  -0.037610,  -0.011213, 
Z Velocity[A/fs],  -0.000093,   0.004954,  -0.025467,  -0.040090,  
Speed[A/fs],   0.210360,   0.200599,   0.700054,   0.687895,  
 
r_seed=72,   C[0],   C[1],   H[2],   H[3],  
Charges,    2.0653000000,    2.2552000000,    0.9991000000,    0.9999000000,  
Time[fs], 120.000000, 120.000000, 120.000000, 120.000000,  
Charge Sum,    6.3195000000, 
X Velocity[A/fs],  -0.208020,   0.203153,  -0.692400,   0.688441,  
Y Velocity[A/fs],  -0.008481,   0.003175,   0.034972,  -0.036577, 
Z Velocity[A/fs],   0.012979,  -0.009889,   0.013367,   0.048947,  
Speed[A/fs],   0.208597,   0.203418,   0.693411,   0.691148,  
 
r_seed=73,   C[0],   C[1],   H[2],   H[3],  
Charges,    2.0653000000,    2.2552000000,    0.9991000000,    0.9999000000,  
Time[fs], 120.000000, 120.000000, 120.000000, 120.000000,  
Charge Sum,    6.3195000000, 
X Velocity[A/fs],  -0.209399,   0.202124,  -0.690990,   0.686566,  
Y Velocity[A/fs],  -0.000071,  -0.010627,   0.029578,   0.013710, 
Z Velocity[A/fs],   0.011759,  -0.013951,  -0.072988,   0.013613,  
Speed[A/fs],   0.209729,   0.202884,   0.695463,   0.686838,  
 
r_seed=74,   C[0],   C[1],   H[2],   H[3],  
Charges,    2.0653000000,    2.2552000000,    0.9991000000,    0.9999000000,  
Time[fs], 120.000000, 120.000000, 120.000000, 120.000000,  
Charge Sum,    6.3195000000, 
X Velocity[A/fs],  -0.207883,   0.204203,  -0.693479,   0.687888,  
Y Velocity[A/fs],  -0.003478,   0.006494,   0.035080,  -0.042826, 
Z Velocity[A/fs],  -0.001083,  -0.002029,   0.002373,  -0.019126,  
Speed[A/fs],   0.207915,   0.204316,   0.694369,   0.689485,  
 
r_seed=75,   C[0],   C[1],   H[2],   H[3],  
Charges,    2.0653000000,    2.2552000000,    0.9991000000,    0.9999000000,  
Time[fs], 120.000000, 120.000000, 120.000000, 120.000000,  
Charge Sum,    6.3195000000, 
X Velocity[A/fs],  -0.210381,   0.200865,  -0.694608,   0.684508,  
Y Velocity[A/fs],   0.001062,  -0.002234,   0.055188,  -0.003643, 
Z Velocity[A/fs],   0.013992,  -0.013600,   0.023445,   0.050912,  
Speed[A/fs],   0.210848,   0.201337,   0.697191,   0.686408,  
 
r_seed=76,   C[0],   C[1],   H[2],   H[3],  
Charges,    2.0653000000,    2.2552000000,    0.9991000000,    0.9999000000,  
Time[fs], 120.000000, 120.000000, 120.000000, 120.000000,  
Charge Sum,    6.3195000000, 
X Velocity[A/fs],  -0.206777,   0.205329,  -0.689500,   0.689695,  
Y Velocity[A/fs],   0.006387,  -0.014383,   0.014496,  -0.011267, 
Z Velocity[A/fs],  -0.005604,  -0.013795,   0.030823,   0.011018,  
Speed[A/fs],   0.206952,   0.206294,   0.690341,   0.689875,  
 
r_seed=77,   C[0],   C[1],   H[2],   H[3],  
Charges,    2.0653000000,    2.2552000000,    0.9991000000,    0.9999000000,  
Time[fs], 120.000000, 120.000000, 120.000000, 120.000000,  
Charge Sum,    6.3195000000, 
X Velocity[A/fs],  -0.203255,   0.207703,  -0.691452,   0.694586,  
Y Velocity[A/fs],   0.006232,   0.002840,  -0.029114,  -0.009595, 
Z Velocity[A/fs],  -0.000889,  -0.003804,   0.011251,  -0.037087,  
Speed[A/fs],   0.203353,   0.207757,   0.692156,   0.695642,  
 
r_seed=78,   C[0],   C[1],   H[2],   H[3],  
Charges,    2.0653000000,    2.2552000000,    0.9991000000,    0.9999000000,  
Time[fs], 120.000000, 120.000000, 120.000000, 120.000000,  
Charge Sum,    6.3195000000, 
X Velocity[A/fs],  -0.208822,   0.202800,  -0.688407,   0.687976,  
Y Velocity[A/fs],   0.013351,  -0.002870,  -0.032833,   0.007933, 
Z Velocity[A/fs],   0.014814,  -0.009250,  -0.063415,   0.046121,  
Speed[A/fs],   0.209773,   0.203031,   0.692100,   0.689566,  
 
r_seed=79,   C[0],   C[1],   H[2],   H[3],  
Charges,    2.0653000000,    2.2552000000,    0.9991000000,    0.9999000000,  
Time[fs], 120.000000, 120.000000, 120.000000, 120.000000,  
Charge Sum,    6.3195000000, 
X Velocity[A/fs],  -0.208429,   0.202023,  -0.698036,   0.688975,  
Y Velocity[A/fs],  -0.004428,   0.000119,  -0.024247,  -0.047361, 
Z Velocity[A/fs],   0.003893,  -0.008091,   0.005520,  -0.008596,  
Speed[A/fs],   0.208513,   0.202185,   0.698479,   0.690654,  
 
r_seed=80,   C[0],   C[1],   H[2],   H[3],  
Charges,    2.0653000000,    2.2552000000,    0.9991000000,    0.9999000000,  
Time[fs], 120.000000, 120.000000, 120.000000, 120.000000,  
Charge Sum,    6.3195000000, 
X Velocity[A/fs],  -0.209166,   0.203343,  -0.693812,   0.681827,  
Y Velocity[A/fs],  -0.002298,  -0.012457,   0.002156,   0.063426, 
Z Velocity[A/fs],  -0.002836,   0.000896,   0.021990,  -0.056584,  
Speed[A/fs],   0.209198,   0.203726,   0.694164,   0.687105,  
 
r_seed=81,   C[0],   C[1],   H[2],   H[3],  
Charges,    2.0653000000,    2.2552000000,    0.9991000000,    0.9999000000,  
Time[fs], 120.000000, 120.000000, 120.000000, 120.000000,  
Charge Sum,    6.3195000000, 
X Velocity[A/fs],  -0.212672,   0.198852,  -0.697241,   0.683746,  
Y Velocity[A/fs],   0.003622,  -0.000634,  -0.048017,   0.035737, 
Z Velocity[A/fs],   0.003373,  -0.002147,  -0.034620,   0.033594,  
Speed[A/fs],   0.212729,   0.198864,   0.699749,   0.685503,  
 
r_seed=82,   C[0],   C[1],   H[2],   H[3],  
Charges,    2.0653000000,    2.2552000000,    0.9991000000,    0.9999000000,  
Time[fs], 120.000000, 120.000000, 120.000000, 120.000000,  
Charge Sum,    6.3195000000, 
X Velocity[A/fs],  -0.213447,   0.198585,  -0.696845,   0.683863,  
Y Velocity[A/fs],  -0.002089,   0.000095,   0.009516,   0.016280, 
Z Velocity[A/fs],   0.004879,  -0.014546,   0.021277,  -0.015909,  
Speed[A/fs],   0.213513,   0.199117,   0.697235,   0.684241,  
 
r_seed=83,   C[0],   C[1],   H[2],   H[3],  
Charges,    2.0653000000,    2.2552000000,    0.9991000000,    0.9999000000,  
Time[fs], 120.000000, 120.000000, 120.000000, 120.000000,  
Charge Sum,    6.3195000000, 
X Velocity[A/fs],  -0.206561,   0.205463,  -0.693368,   0.684657,  
Y Velocity[A/fs],   0.000646,  -0.004219,   0.028295,  -0.045553, 
Z Velocity[A/fs],  -0.000545,  -0.008186,  -0.021325,   0.068698,  
Speed[A/fs],   0.206563,   0.205670,   0.694272,   0.689601,  
 
r_seed=84,   C[0],   C[1],   H[2],   H[3],  
Charges,    2.0653000000,    2.2552000000,    0.9991000000,    0.9999000000,  
Time[fs], 120.000000, 120.000000, 120.000000, 120.000000,  
Charge Sum,    6.3195000000, 
X Velocity[A/fs],  -0.206230,   0.204481,  -0.693376,   0.690956,  
Y Velocity[A/fs],  -0.001781,   0.006950,   0.003978,   0.055117, 
Z Velocity[A/fs],   0.010316,  -0.011827,  -0.003629,   0.015435,  
Speed[A/fs],   0.206495,   0.204941,   0.693396,   0.693323,  
 
r_seed=85,   C[0],   C[1],   H[2],   H[3],  
Charges,    2.0653000000,    2.2552000000,    0.9991000000,    0.9999000000,  
Time[fs], 120.000000, 120.000000, 120.000000, 120.000000,  
Charge Sum,    6.3195000000, 
X Velocity[A/fs],  -0.210541,   0.201387,  -0.692176,   0.685304,  
Y Velocity[A/fs],  -0.001955,   0.005119,   0.024569,   0.038695, 
Z Velocity[A/fs],  -0.001845,  -0.003888,   0.074812,  -0.038812,  
Speed[A/fs],   0.210558,   0.201490,   0.696640,   0.687492,  
 
r_seed=86,   C[0],   C[1],   H[2],   H[3],  
Charges,    2.0653000000,    2.2552000000,    0.9991000000,    0.9999000000,  
Time[fs], 120.000000, 120.000000, 120.000000, 120.000000,  
Charge Sum,    6.3195000000, 
X Velocity[A/fs],  -0.210249,   0.202024,  -0.694078,   0.680464,  
Y Velocity[A/fs],   0.007159,  -0.018261,   0.011405,   0.073123, 
Z Velocity[A/fs],  -0.005225,   0.011754,  -0.004709,  -0.009741,  
Speed[A/fs],   0.210436,   0.203188,   0.694188,   0.684451,  
 
r_seed=87,   C[0],   C[1],   H[2],   H[3],  
Charges,    2.0653000000,    2.2552000000,    0.9991000000,    0.9999000000,  
Time[fs], 120.000000, 120.000000, 120.000000, 120.000000,  
Charge Sum,    6.3195000000, 
X Velocity[A/fs],  -0.209527,   0.201831,  -0.691339,   0.685869,  
Y Velocity[A/fs],   0.016605,  -0.012105,  -0.071645,   0.031245, 
Z Velocity[A/fs],   0.007957,  -0.007341,   0.024396,  -0.005296,  
Speed[A/fs],   0.210335,   0.202327,   0.695469,   0.686600,  
 
r_seed=88,   C[0],   C[1],   H[2],   H[3],  
Charges,    2.0653000000,    2.2552000000,    0.9991000000,    0.9999000000,  
Time[fs], 120.000000, 120.000000, 120.000000, 120.000000,  
Charge Sum,    6.3195000000, 
X Velocity[A/fs],  -0.208792,   0.202480,  -0.692982,   0.688624,  
Y Velocity[A/fs],  -0.006541,   0.011364,  -0.014126,  -0.016233, 
Z Velocity[A/fs],   0.003252,  -0.006624,  -0.025865,  -0.061408,  
Speed[A/fs],   0.208920,   0.202907,   0.693609,   0.691547,  
 
r_seed=89,   C[0],   C[1],   H[2],   H[3],  
Charges,    2.0653000000,    2.2552000000,    0.9991000000,    0.9999000000,  
Time[fs], 120.000000, 120.000000, 120.000000, 120.000000,  
Charge Sum,    6.3195000000, 
X Velocity[A/fs],  -0.206327,   0.203826,  -0.696272,   0.693049,  
Y Velocity[A/fs],  -0.007750,   0.005058,  -0.024490,   0.015755, 
Z Velocity[A/fs],  -0.003835,  -0.004007,   0.012504,   0.016298,  
Speed[A/fs],   0.206508,   0.203928,   0.696815,   0.693419,  
 
r_seed=90,   C[0],   C[1],   H[2],   H[3],  
Charges,    2.0653000000,    2.2552000000,    0.9991000000,    0.9999000000,  
Time[fs], 120.000000, 120.000000, 120.000000, 120.000000,  
Charge Sum,    6.3195000000, 
X Velocity[A/fs],  -0.209403,   0.202069,  -0.691733,   0.683816,  
Y Velocity[A/fs],  -0.004694,  -0.001589,  -0.018166,   0.041098, 
Z Velocity[A/fs],   0.012141,  -0.014026,  -0.062921,   0.067336,  
Speed[A/fs],   0.209807,   0.202562,   0.694826,   0.688351,  
 
r_seed=91,   C[0],   C[1],   H[2],   H[3],  
Charges,    2.0653000000,    2.2552000000,    0.9991000000,    0.9999000000,  
Time[fs], 120.000000, 120.000000, 120.000000, 120.000000,  
Charge Sum,    6.3195000000, 
X Velocity[A/fs],  -0.211317,   0.202561,  -0.691716,   0.682605,  
Y Velocity[A/fs],   0.008239,  -0.002082,  -0.036014,   0.014184, 
Z Velocity[A/fs],  -0.006827,  -0.001508,   0.030359,   0.025502,  
Speed[A/fs],   0.211587,   0.202578,   0.693318,   0.683228,  
 
r_seed=92,   C[0],   C[1],   H[2],   H[3],  
Charges,    2.0653000000,    2.2552000000,    0.9991000000,    0.9999000000,  
Time[fs], 120.000000, 120.000000, 120.000000, 120.000000,  
Charge Sum,    6.3195000000, 
X Velocity[A/fs],  -0.212990,   0.199445,  -0.695043,   0.682112,  
Y Velocity[A/fs],  -0.002433,   0.008168,  -0.000151,  -0.054025, 
Z Velocity[A/fs],  -0.003413,  -0.007594,   0.048786,   0.009864,  
Speed[A/fs],   0.213031,   0.199756,   0.696753,   0.684319,  
 
r_seed=93,   C[0],   C[1],   H[2],   H[3],  
Charges,    2.0653000000,    2.2552000000,    0.9991000000,    0.9999000000,  
Time[fs], 120.000000, 120.000000, 120.000000, 120.000000,  
Charge Sum,    6.3195000000, 
X Velocity[A/fs],  -0.207223,   0.203843,  -0.692264,   0.689374,  
Y Velocity[A/fs],   0.010860,  -0.017167,  -0.040056,  -0.032266, 
Z Velocity[A/fs],   0.003509,   0.000461,   0.028900,   0.014065,  
Speed[A/fs],   0.207537,   0.204565,   0.694024,   0.690272,  
 
r_seed=94,   C[0],   C[1],   H[2],   H[3],  
Charges,    2.0653000000,    2.2552000000,    0.9991000000,    0.9999000000,  
Time[fs], 120.000000, 120.000000, 120.000000, 120.000000,  
Charge Sum,    6.3195000000, 
X Velocity[A/fs],  -0.211941,   0.198651,  -0.699200,   0.686473,  
Y Velocity[A/fs],   0.008943,  -0.005318,   0.008063,   0.017337, 
Z Velocity[A/fs],   0.000428,  -0.006164,  -0.035682,   0.031938,  
Speed[A/fs],   0.212130,   0.198818,   0.700157,   0.687434,  
 
r_seed=95,   C[0],   C[1],   H[2],   H[3],  
Charges,    2.0653000000,    2.2552000000,    0.9991000000,    0.9999000000,  
Time[fs], 120.000000, 120.000000, 120.000000, 120.000000,  
Charge Sum,    6.3195000000, 
X Velocity[A/fs],  -0.205303,   0.204697,  -0.692132,   0.692411,  
Y Velocity[A/fs],   0.013510,  -0.017630,  -0.050753,   0.006163, 
Z Velocity[A/fs],   0.005823,  -0.000505,  -0.032174,   0.011270,  
Speed[A/fs],   0.205829,   0.205455,   0.694736,   0.692531,  
 
r_seed=96,   C[0],   C[1],   H[2],   H[3],  
Charges,    2.0653000000,    2.2552000000,    0.9991000000,    0.9999000000,  
Time[fs], 120.000000, 120.000000, 120.000000, 120.000000,  
Charge Sum,    6.3195000000, 
X Velocity[A/fs],  -0.207986,   0.203747,  -0.689968,   0.687976,  
Y Velocity[A/fs],   0.012254,  -0.016636,   0.007295,   0.026728, 
Z Velocity[A/fs],  -0.000615,   0.005057,   0.044669,  -0.048323,  
Speed[A/fs],   0.208347,   0.204487,   0.691451,   0.690189,  
 
r_seed=97,   C[0],   C[1],   H[2],   H[3],  
Charges,    2.0653000000,    2.2552000000,    0.9991000000,    0.9999000000,  
Time[fs], 120.000000, 120.000000, 120.000000, 120.000000,  
Charge Sum,    6.3195000000, 
X Velocity[A/fs],  -0.208273,   0.203923,  -0.692697,   0.687176,  
Y Velocity[A/fs],  -0.014283,   0.002166,   0.038630,  -0.003411, 
Z Velocity[A/fs],  -0.000089,  -0.009554,   0.014715,   0.016799,  
Speed[A/fs],   0.208763,   0.204158,   0.693929,   0.687390,  
 
r_seed=98,   C[0],   C[1],   H[2],   H[3],  
Charges,    2.0653000000,    2.2552000000,    0.9991000000,    0.9999000000,  
Time[fs], 120.000000, 120.000000, 120.000000, 120.000000,  
Charge Sum,    6.3195000000, 
X Velocity[A/fs],  -0.206865,   0.205229,  -0.690054,   0.691245,  
Y Velocity[A/fs],   0.001519,  -0.012255,  -0.036106,  -0.006414, 
Z Velocity[A/fs],   0.002974,   0.003652,  -0.027481,   0.007561,  
Speed[A/fs],   0.206892,   0.205627,   0.691544,   0.691316,  
 
r_seed=99,   C[0],   C[1],   H[2],   H[3],  
Charges,    2.0653000000,    2.2552000000,    0.9991000000,    0.9999000000,  
Time[fs], 120.000000, 120.000000, 120.000000, 120.000000,  
Charge Sum,    6.3195000000, 
X Velocity[A/fs],  -0.212436,   0.199232,  -0.696516,   0.684294,  
Y Velocity[A/fs],  -0.004011,   0.006016,  -0.060226,  -0.011617, 
Z Velocity[A/fs],  -0.002161,   0.009157,   0.018756,   0.008618,  
Speed[A/fs],   0.212485,   0.199533,   0.699366,   0.684447,  
 
r_seed=100,   C[0],   C[1],   H[2],   H[3],  
Charges,    2.0653000000,    2.2552000000,    0.9991000000,    0.9999000000,  
Time[fs], 120.000000, 120.000000, 120.000000, 120.000000,  
Charge Sum,    6.3195000000, 
X Velocity[A/fs],  -0.208631,   0.203022,  -0.689470,   0.689589,  
Y Velocity[A/fs],  -0.003746,   0.002354,  -0.062270,   0.013179, 
Z Velocity[A/fs],  -0.009674,   0.004308,   0.060903,   0.004957,  
Speed[A/fs],   0.208889,   0.203081,   0.694950,   0.689733,  
 
r_seed=101,   C[0],   C[1],   H[2],   H[3],  
Charges,    2.0653000000,    2.2552000000,    0.9991000000,    0.9999000000,  
Time[fs], 120.000000, 120.000000, 120.000000, 120.000000,  
Charge Sum,    6.3195000000, 
X Velocity[A/fs],  -0.205055,   0.207128,  -0.683039,   0.690701,  
Y Velocity[A/fs],   0.010999,  -0.011859,  -0.021253,   0.040462, 
Z Velocity[A/fs],   0.018467,  -0.006309,  -0.066219,  -0.005926,  
Speed[A/fs],   0.206179,   0.207563,   0.686570,   0.691911,  
 
r_seed=102,   C[0],   C[1],   H[2],   H[3],  
Charges,    2.0653000000,    2.2552000000,    0.9991000000,    0.9999000000,  
Time[fs], 120.000000, 120.000000, 120.000000, 120.000000,  
Charge Sum,    6.3195000000, 
X Velocity[A/fs],  -0.209919,   0.201506,  -0.694312,   0.688085,  
Y Velocity[A/fs],  -0.002401,   0.011478,  -0.016989,   0.024410, 
Z Velocity[A/fs],  -0.004835,   0.012983,   0.025758,   0.009026,  
Speed[A/fs],   0.209989,   0.202249,   0.694997,   0.688577,  
 
r_seed=103,   C[0],   C[1],   H[2],   H[3],  
Charges,    2.0653000000,    2.2552000000,    0.9991000000,    0.9999000000,  
Time[fs], 120.000000, 120.000000, 120.000000, 120.000000,  
Charge Sum,    6.3195000000, 
X Velocity[A/fs],  -0.205155,   0.205864,  -0.692832,   0.688292,  
Y Velocity[A/fs],   0.008204,   0.002189,  -0.015528,  -0.073334, 
Z Velocity[A/fs],  -0.009948,   0.012610,  -0.013658,  -0.006482,  
Speed[A/fs],   0.205560,   0.206262,   0.693141,   0.692218,  
 
r_seed=104,   C[0],   C[1],   H[2],   H[3],  
Charges,    2.0653000000,    2.2552000000,    0.9991000000,    0.9999000000,  
Time[fs], 120.000000, 120.000000, 120.000000, 120.000000,  
Charge Sum,    6.3195000000, 
X Velocity[A/fs],  -0.211809,   0.199224,  -0.697715,   0.685054,  
Y Velocity[A/fs],   0.003748,  -0.002891,  -0.000306,   0.012241, 
Z Velocity[A/fs],  -0.001627,   0.012431,   0.004951,  -0.063776,  
Speed[A/fs],   0.211849,   0.199632,   0.697733,   0.688126,  
 
r_seed=105,   C[0],   C[1],   H[2],   H[3],  
Charges,    2.0653000000,    2.2552000000,    0.9991000000,    0.9999000000,  
Time[fs], 120.000000, 120.000000, 120.000000, 120.000000,  
Charge Sum,    6.3195000000, 
X Velocity[A/fs],  -0.207331,   0.203539,  -0.691302,   0.689663,  
Y Velocity[A/fs],   0.011469,  -0.008655,   0.007834,  -0.053644, 
Z Velocity[A/fs],   0.001124,   0.005212,  -0.067810,   0.017527,  
Speed[A/fs],   0.207651,   0.203789,   0.694664,   0.691968,  
 
r_seed=106,   C[0],   C[1],   H[2],   H[3],  
Charges,    2.0653000000,    2.2552000000,    0.9991000000,    0.9999000000,  
Time[fs], 120.000000, 120.000000, 120.000000, 120.000000,  
Charge Sum,    6.3195000000, 
X Velocity[A/fs],  -0.202693,   0.207736,  -0.690538,   0.694889,  
Y Velocity[A/fs],  -0.010903,   0.014419,   0.005401,  -0.022577, 
Z Velocity[A/fs],  -0.009178,  -0.007761,   0.019550,   0.000232,  
Speed[A/fs],   0.203193,   0.208380,   0.690835,   0.695255,  
 
r_seed=107,   C[0],   C[1],   H[2],   H[3],  
Charges,    2.0653000000,    2.2552000000,    0.9991000000,    0.9999000000,  
Time[fs], 120.000000, 120.000000, 120.000000, 120.000000,  
Charge Sum,    6.3195000000, 
X Velocity[A/fs],  -0.208237,   0.203804,  -0.691261,   0.687011,  
Y Velocity[A/fs],  -0.007922,   0.002976,   0.059526,   0.040083, 
Z Velocity[A/fs],  -0.001182,   0.004213,   0.042992,  -0.022408,  
Speed[A/fs],   0.208391,   0.203870,   0.695150,   0.688544,  
 
r_seed=108,   C[0],   C[1],   H[2],   H[3],  
Charges,    2.0653000000,    2.2552000000,    0.9991000000,    0.9999000000,  
Time[fs], 120.000000, 120.000000, 120.000000, 120.000000,  
Charge Sum,    6.3195000000, 
X Velocity[A/fs],  -0.202489,   0.208139,  -0.688840,   0.698819,  
Y Velocity[A/fs],  -0.005248,  -0.000385,   0.029079,  -0.007447, 
Z Velocity[A/fs],  -0.002938,   0.007974,  -0.016598,   0.008326,  
Speed[A/fs],   0.202579,   0.208292,   0.689653,   0.698908,  
 
r_seed=109,   C[0],   C[1],   H[2],   H[3],  
Charges,    2.0653000000,    2.2552000000,    0.9991000000,    0.9999000000,  
Time[fs], 120.000000, 120.000000, 120.000000, 120.000000,  
Charge Sum,    6.3195000000, 
X Velocity[A/fs],  -0.210508,   0.200868,  -0.695341,   0.684842,  
Y Velocity[A/fs],  -0.003328,  -0.009518,   0.053812,   0.037038, 
Z Velocity[A/fs],  -0.008991,   0.006026,   0.024260,  -0.035443,  
Speed[A/fs],   0.210726,   0.201183,   0.697842,   0.686758,  
 
r_seed=110,   C[0],   C[1],   H[2],   H[3],  
Charges,    2.0653000000,    2.2552000000,    0.9991000000,    0.9999000000,  
Time[fs], 120.000000, 120.000000, 120.000000, 120.000000,  
Charge Sum,    6.3195000000, 
X Velocity[A/fs],  -0.208513,   0.203831,  -0.690627,   0.689039,  
Y Velocity[A/fs],  -0.000335,   0.007249,  -0.053535,  -0.016870, 
Z Velocity[A/fs],   0.000271,   0.005339,  -0.022986,   0.022796,  
Speed[A/fs],   0.208513,   0.204029,   0.693080,   0.689623,  
 
r_seed=111,   C[0],   C[1],   H[2],   H[3],  
Charges,    2.0653000000,    2.2552000000,    0.9991000000,    0.9999000000,  
Time[fs], 120.000000, 120.000000, 120.000000, 120.000000,  
Charge Sum,    6.3195000000, 
X Velocity[A/fs],  -0.203027,   0.207568,  -0.689376,   0.692306,  
Y Velocity[A/fs],  -0.007621,   0.002183,   0.021453,   0.011074, 
Z Velocity[A/fs],   0.005461,  -0.020360,   0.004191,   0.065712,  
Speed[A/fs],   0.203243,   0.208575,   0.689723,   0.695506,  
 
r_seed=112,   C[0],   C[1],   H[2],   H[3],  
Charges,    2.0653000000,    2.2552000000,    0.9991000000,    0.9999000000,  
Time[fs], 120.000000, 120.000000, 120.000000, 120.000000,  
Charge Sum,    6.3195000000, 
X Velocity[A/fs],  -0.209223,   0.202420,  -0.690762,   0.685605,  
Y Velocity[A/fs],   0.006646,  -0.003952,  -0.018811,  -0.010981, 
Z Velocity[A/fs],  -0.011524,   0.010498,   0.065733,  -0.067965,  
Speed[A/fs],   0.209646,   0.202731,   0.694137,   0.689053,  
 
r_seed=113,   C[0],   C[1],   H[2],   H[3],  
Charges,    2.0653000000,    2.2552000000,    0.9991000000,    0.9999000000,  
Time[fs], 120.000000, 120.000000, 120.000000, 120.000000,  
Charge Sum,    6.3195000000, 
X Velocity[A/fs],  -0.203105,   0.207595,  -0.690735,   0.695828,  
Y Velocity[A/fs],   0.000978,   0.007811,  -0.023218,   0.000247, 
Z Velocity[A/fs],  -0.001086,   0.009479,  -0.026827,   0.024821,  
Speed[A/fs],   0.203111,   0.207958,   0.691645,   0.696271,  
 
r_seed=114,   C[0],   C[1],   H[2],   H[3],  
Charges,    2.0653000000,    2.2552000000,    0.9991000000,    0.9999000000,  
Time[fs], 120.000000, 120.000000, 120.000000, 120.000000,  
Charge Sum,    6.3195000000, 
X Velocity[A/fs],  -0.211991,   0.199867,  -0.695503,   0.685535,  
Y Velocity[A/fs],   0.005557,   0.002944,  -0.010001,  -0.056005, 
Z Velocity[A/fs],  -0.004623,   0.004772,   0.022205,  -0.010488,  
Speed[A/fs],   0.212114,   0.199946,   0.695929,   0.687899,  
 
r_seed=115,   C[0],   C[1],   H[2],   H[3],  
Charges,    2.0653000000,    2.2552000000,    0.9991000000,    0.9999000000,  
Time[fs], 120.000000, 120.000000, 120.000000, 120.000000,  
Charge Sum,    6.3195000000, 
X Velocity[A/fs],  -0.204519,   0.205696,  -0.692435,   0.693843,  
Y Velocity[A/fs],  -0.012175,   0.000087,   0.009637,   0.015638, 
Z Velocity[A/fs],  -0.010074,   0.011894,  -0.026286,  -0.030007,  
Speed[A/fs],   0.205129,   0.206039,   0.693001,   0.694668,  
 
r_seed=116,   C[0],   C[1],   H[2],   H[3],  
Charges,    2.0653000000,    2.2552000000,    0.9991000000,    0.9999000000,  
Time[fs], 120.000000, 120.000000, 120.000000, 120.000000,  
Charge Sum,    6.3195000000, 
X Velocity[A/fs],  -0.213254,   0.199163,  -0.696232,   0.684302,  
Y Velocity[A/fs],  -0.000368,   0.001784,   0.003480,   0.016401, 
Z Velocity[A/fs],   0.000434,  -0.008852,   0.030486,  -0.012880,  
Speed[A/fs],   0.213255,   0.199368,   0.696908,   0.684620,  
 
r_seed=117,   C[0],   C[1],   H[2],   H[3],  
Charges,    2.0653000000,    2.2552000000,    0.9991000000,    0.9999000000,  
Time[fs], 120.000000, 120.000000, 120.000000, 120.000000,  
Charge Sum,    6.3195000000, 
X Velocity[A/fs],  -0.209609,   0.200443,  -0.695822,   0.689147,  
Y Velocity[A/fs],  -0.009120,   0.008141,   0.030737,  -0.007296, 
Z Velocity[A/fs],  -0.009548,   0.011284,   0.036114,  -0.044801,  
Speed[A/fs],   0.210025,   0.200925,   0.697437,   0.690640,  
 
r_seed=118,   C[0],   C[1],   H[2],   H[3],  
Charges,    2.0653000000,    2.2552000000,    0.9991000000,    0.9999000000,  
Time[fs], 120.000000, 120.000000, 120.000000, 120.000000,  
Charge Sum,    6.3195000000, 
X Velocity[A/fs],  -0.210870,   0.202076,  -0.692621,   0.683631,  
Y Velocity[A/fs],  -0.003635,   0.000953,  -0.025204,   0.038068, 
Z Velocity[A/fs],   0.011681,  -0.001105,  -0.044936,  -0.024118,  
Speed[A/fs],   0.211225,   0.202081,   0.694535,   0.685115,  
 
r_seed=119,   C[0],   C[1],   H[2],   H[3],  
Charges,    2.0653000000,    2.2552000000,    0.9991000000,    0.9999000000,  
Time[fs], 120.000000, 120.000000, 120.000000, 120.000000,  
Charge Sum,    6.3195000000, 
X Velocity[A/fs],  -0.212577,   0.198603,  -0.698715,   0.683423,  
Y Velocity[A/fs],  -0.005886,   0.005558,   0.050138,   0.006898, 
Z Velocity[A/fs],  -0.000087,   0.002211,   0.015701,  -0.051400,  
Speed[A/fs],   0.212658,   0.198693,   0.700687,   0.685388,  
 
r_seed=120,   C[0],   C[1],   H[2],   H[3],  
Charges,    2.0653000000,    2.2552000000,    0.9991000000,    0.9999000000,  
Time[fs], 120.000000, 120.000000, 120.000000, 120.000000,  
Charge Sum,    6.3195000000, 
X Velocity[A/fs],  -0.206430,   0.204978,  -0.690819,   0.691925,  
Y Velocity[A/fs],  -0.005284,   0.013133,   0.028705,   0.016153, 
Z Velocity[A/fs],  -0.005503,   0.008472,  -0.027951,  -0.012482,  
Speed[A/fs],   0.206571,   0.205573,   0.691980,   0.692226,  
 
r_seed=121,   C[0],   C[1],   H[2],   H[3],  
Charges,    2.0653000000,    2.2552000000,    0.9991000000,    0.9999000000,  
Time[fs], 120.000000, 120.000000, 120.000000, 120.000000,  
Charge Sum,    6.3195000000, 
X Velocity[A/fs],  -0.208090,   0.203947,  -0.691364,   0.687990,  
Y Velocity[A/fs],   0.007895,  -0.000836,   0.004934,   0.036234, 
Z Velocity[A/fs],  -0.004498,   0.004956,  -0.033531,  -0.057935,  
Speed[A/fs],   0.208289,   0.204009,   0.692195,   0.691375,  
 
r_seed=122,   C[0],   C[1],   H[2],   H[3],  
Charges,    2.0653000000,    2.2552000000,    0.9991000000,    0.9999000000,  
Time[fs], 120.000000, 120.000000, 120.000000, 120.000000,  
Charge Sum,    6.3195000000, 
X Velocity[A/fs],  -0.208102,   0.202647,  -0.694524,   0.692182,  
Y Velocity[A/fs],   0.012715,  -0.005793,   0.011479,  -0.003708, 
Z Velocity[A/fs],   0.004081,   0.004718,  -0.008152,  -0.014365,  
Speed[A/fs],   0.208530,   0.202785,   0.694666,   0.692341,  
 
r_seed=123,   C[0],   C[1],   H[2],   H[3],  
Charges,    2.0653000000,    2.2552000000,    0.9991000000,    0.9999000000,  
Time[fs], 120.000000, 120.000000, 120.000000, 120.000000,  
Charge Sum,    6.3195000000, 
X Velocity[A/fs],  -0.212295,   0.200397,  -0.696303,   0.681617,  
Y Velocity[A/fs],   0.010651,  -0.010490,  -0.017402,  -0.012174, 
Z Velocity[A/fs],  -0.007545,   0.006291,  -0.001534,  -0.026325,  
Speed[A/fs],   0.212696,   0.200770,   0.696522,   0.682234,  
 
r_seed=124,   C[0],   C[1],   H[2],   H[3],  
Charges,    2.0653000000,    2.2552000000,    0.9991000000,    0.9999000000,  
Time[fs], 120.000000, 120.000000, 120.000000, 120.000000,  
Charge Sum,    6.3195000000, 
X Velocity[A/fs],  -0.207671,   0.202018,  -0.699025,   0.690244,  
Y Velocity[A/fs],  -0.012835,   0.013248,  -0.006846,  -0.000264, 
Z Velocity[A/fs],   0.004363,   0.000474,   0.007445,   0.019216,  
Speed[A/fs],   0.208113,   0.202453,   0.699098,   0.690511,  
 
r_seed=125,   C[0],   C[1],   H[2],   H[3],  
Charges,    2.0653000000,    2.2552000000,    0.9991000000,    0.9999000000,  
Time[fs], 120.000000, 120.000000, 120.000000, 120.000000,  
Charge Sum,    6.3195000000, 
X Velocity[A/fs],  -0.207306,   0.203055,  -0.693495,   0.692924,  
Y Velocity[A/fs],  -0.009936,   0.006502,  -0.032767,  -0.022839, 
Z Velocity[A/fs],   0.002876,  -0.003003,  -0.011032,   0.044237,  
Speed[A/fs],   0.207564,   0.203182,   0.694356,   0.694710,  
 
r_seed=126,   C[0],   C[1],   H[2],   H[3],  
Charges,    2.0653000000,    2.2552000000,    0.9991000000,    0.9999000000,  
Time[fs], 120.000000, 120.000000, 120.000000, 120.000000,  
Charge Sum,    6.3195000000, 
X Velocity[A/fs],  -0.208003,   0.203778,  -0.691949,   0.684614,  
Y Velocity[A/fs],  -0.011603,   0.003614,   0.025938,   0.078650, 
Z Velocity[A/fs],  -0.007790,   0.012068,   0.031393,   0.010412,  
Speed[A/fs],   0.208472,   0.204167,   0.693146,   0.689196,  
 
r_seed=127,   C[0],   C[1],   H[2],   H[3],  
Charges,    2.0653000000,    2.2552000000,    0.9991000000,    0.9999000000,  
Time[fs], 120.000000, 120.000000, 120.000000, 120.000000,  
Charge Sum,    6.3195000000, 
X Velocity[A/fs],  -0.207286,   0.203634,  -0.692267,   0.690111,  
Y Velocity[A/fs],  -0.000166,  -0.005222,   0.008319,  -0.061755, 
Z Velocity[A/fs],   0.008105,  -0.002045,  -0.056280,   0.015964,  
Speed[A/fs],   0.207445,   0.203711,   0.694601,   0.693053,  
 
r_seed=128,   C[0],   C[1],   H[2],   H[3],  
Charges,    2.0653000000,    2.2552000000,    0.9991000000,    0.9999000000,  
Time[fs], 120.000000, 120.000000, 120.000000, 120.000000,  
Charge Sum,    6.3195000000, 
X Velocity[A/fs],  -0.211128,   0.200866,  -0.696096,   0.681722,  
Y Velocity[A/fs],  -0.003935,   0.005858,  -0.022512,   0.085198, 
Z Velocity[A/fs],   0.000161,   0.001553,  -0.006617,   0.018578,  
Speed[A/fs],   0.211165,   0.200957,   0.696491,   0.687277,  
 
r_seed=129,   C[0],   C[1],   H[2],   H[3],  
Charges,    2.0653000000,    2.2552000000,    0.9991000000,    0.9999000000,  
Time[fs], 120.000000, 120.000000, 120.000000, 120.000000,  
Charge Sum,    6.3195000000, 
X Velocity[A/fs],  -0.208520,   0.202427,  -0.695087,   0.687485,  
Y Velocity[A/fs],  -0.000264,  -0.002958,   0.030487,   0.050254, 
Z Velocity[A/fs],  -0.011363,   0.004822,   0.034617,   0.036507,  
Speed[A/fs],   0.208830,   0.202506,   0.696616,   0.690286,  
 
r_seed=130,   C[0],   C[1],   H[2],   H[3],  
Charges,    2.0653000000,    2.2552000000,    0.9991000000,    0.9999000000,  
Time[fs], 120.000000, 120.000000, 120.000000, 120.000000,  
Charge Sum,    6.3195000000, 
X Velocity[A/fs],  -0.210564,   0.201940,  -0.695882,   0.684040,  
Y Velocity[A/fs],   0.002409,  -0.004150,   0.050424,  -0.010464, 
Z Velocity[A/fs],   0.005167,  -0.000600,  -0.018005,   0.001471,  
Speed[A/fs],   0.210641,   0.201984,   0.697939,   0.684122,  
 
r_seed=131,   C[0],   C[1],   H[2],   H[3],  
Charges,    2.0653000000,    2.2552000000,    0.9991000000,    0.9999000000,  
Time[fs], 120.000000, 120.000000, 120.000000, 120.000000,  
Charge Sum,    6.3195000000, 
X Velocity[A/fs],  -0.202093,   0.209009,  -0.691039,   0.692324,  
Y Velocity[A/fs],  -0.003472,   0.005550,   0.011267,  -0.041726, 
Z Velocity[A/fs],   0.001948,  -0.003344,  -0.034243,   0.047898,  
Speed[A/fs],   0.202132,   0.209109,   0.691978,   0.695233,  
 
r_seed=132,   C[0],   C[1],   H[2],   H[3],  
Charges,    2.0653000000,    2.2552000000,    0.9991000000,    0.9999000000,  
Time[fs], 120.000000, 120.000000, 120.000000, 120.000000,  
Charge Sum,    6.3195000000, 
X Velocity[A/fs],  -0.206752,   0.204251,  -0.691689,   0.690400,  
Y Velocity[A/fs],   0.005388,   0.002940,  -0.045095,  -0.020275, 
Z Velocity[A/fs],  -0.006430,   0.002655,  -0.063221,   0.032070,  
Speed[A/fs],   0.206922,   0.204289,   0.696035,   0.691442,  
 
r_seed=133,   C[0],   C[1],   H[2],   H[3],  
Charges,    2.0653000000,    2.2552000000,    0.9991000000,    0.9999000000,  
Time[fs], 120.000000, 120.000000, 120.000000, 120.000000,  
Charge Sum,    6.3195000000, 
X Velocity[A/fs],  -0.209223,   0.202977,  -0.693714,   0.686380,  
Y Velocity[A/fs],  -0.009044,  -0.001321,  -0.052885,   0.027825, 
Z Velocity[A/fs],   0.006092,  -0.000718,  -0.009111,  -0.004328,  
Speed[A/fs],   0.209507,   0.202982,   0.695786,   0.686957,  
 
r_seed=134,   C[0],   C[1],   H[2],   H[3],  
Charges,    2.0653000000,    2.2552000000,    0.9991000000,    0.9999000000,  
Time[fs], 120.000000, 120.000000, 120.000000, 120.000000,  
Charge Sum,    6.3195000000, 
X Velocity[A/fs],  -0.207160,   0.203227,  -0.695940,   0.690380,  
Y Velocity[A/fs],  -0.006495,   0.000998,  -0.038372,  -0.015024, 
Z Velocity[A/fs],  -0.004464,   0.002800,   0.040802,  -0.037050,  
Speed[A/fs],   0.207310,   0.203249,   0.698191,   0.691537,  
 
r_seed=135,   C[0],   C[1],   H[2],   H[3],  
Charges,    2.0653000000,    2.2552000000,    0.9991000000,    0.9999000000,  
Time[fs], 120.000000, 120.000000, 120.000000, 120.000000,  
Charge Sum,    6.3195000000, 
X Velocity[A/fs],  -0.212621,   0.198779,  -0.698614,   0.683393,  
Y Velocity[A/fs],  -0.005845,   0.008574,  -0.015491,   0.005786, 
Z Velocity[A/fs],  -0.013573,   0.004259,  -0.018819,   0.032289,  
Speed[A/fs],   0.213134,   0.199009,   0.699040,   0.684180,  
 
r_seed=136,   C[0],   C[1],   H[2],   H[3],  
Charges,    2.0653000000,    2.2552000000,    0.9991000000,    0.9999000000,  
Time[fs], 120.000000, 120.000000, 120.000000, 120.000000,  
Charge Sum,    6.3195000000, 
X Velocity[A/fs],  -0.204592,   0.206137,  -0.695702,   0.690632,  
Y Velocity[A/fs],  -0.005948,   0.005740,  -0.018069,  -0.030256, 
Z Velocity[A/fs],   0.006661,  -0.001815,   0.026517,  -0.025129,  
Speed[A/fs],   0.204787,   0.206225,   0.696442,   0.691751,  
 
r_seed=137,   C[0],   C[1],   H[2],   H[3],  
Charges,    2.0653000000,    2.2552000000,    0.9991000000,    0.9999000000,  
Time[fs], 120.000000, 120.000000, 120.000000, 120.000000,  
Charge Sum,    6.3195000000, 
X Velocity[A/fs],  -0.204433,   0.206385,  -0.690986,   0.693861,  
Y Velocity[A/fs],  -0.000022,  -0.001871,  -0.022459,   0.044975, 
Z Velocity[A/fs],  -0.001702,  -0.000084,  -0.052623,   0.016131,  
Speed[A/fs],   0.204440,   0.206394,   0.693351,   0.695504,  
 
r_seed=138,   C[0],   C[1],   H[2],   H[3],  
Charges,    2.0653000000,    2.2552000000,    0.9991000000,    0.9999000000,  
Time[fs], 120.000000, 120.000000, 120.000000, 120.000000,  
Charge Sum,    6.3195000000, 
X Velocity[A/fs],  -0.209012,   0.202081,  -0.693718,   0.685518,  
Y Velocity[A/fs],  -0.005404,   0.019355,  -0.010868,  -0.037270, 
Z Velocity[A/fs],  -0.015581,   0.008373,   0.036874,  -0.016373,  
Speed[A/fs],   0.209662,   0.203179,   0.694783,   0.686726,  
 
r_seed=139,   C[0],   C[1],   H[2],   H[3],  
Charges,    2.0653000000,    2.2552000000,    0.9991000000,    0.9999000000,  
Time[fs], 120.000000, 120.000000, 120.000000, 120.000000,  
Charge Sum,    6.3195000000, 
X Velocity[A/fs],  -0.209016,   0.202368,  -0.694399,   0.688473,  
Y Velocity[A/fs],   0.002051,   0.002378,   0.008744,  -0.009672, 
Z Velocity[A/fs],   0.000733,  -0.000882,   0.065478,  -0.026940,  
Speed[A/fs],   0.209028,   0.202384,   0.697534,   0.689068,  
 
r_seed=140,   C[0],   C[1],   H[2],   H[3],  
Charges,    2.0653000000,    2.2552000000,    0.9991000000,    0.9999000000,  
Time[fs], 120.000000, 120.000000, 120.000000, 120.000000,  
Charge Sum,    6.3195000000, 
X Velocity[A/fs],  -0.208498,   0.202843,  -0.697732,   0.686674,  
Y Velocity[A/fs],   0.009044,  -0.005825,   0.022868,   0.020962, 
Z Velocity[A/fs],  -0.005712,   0.001118,  -0.023875,  -0.008177,  
Speed[A/fs],   0.208772,   0.202930,   0.698515,   0.687042,  
 
r_seed=141,   C[0],   C[1],   H[2],   H[3],  
Charges,    2.0653000000,    2.2552000000,    0.9991000000,    0.9999000000,  
Time[fs], 120.000000, 120.000000, 120.000000, 120.000000,  
Charge Sum,    6.3195000000, 
X Velocity[A/fs],  -0.209890,   0.201190,  -0.696409,   0.686281,  
Y Velocity[A/fs],   0.002349,  -0.002535,   0.031166,  -0.002849, 
Z Velocity[A/fs],   0.018354,  -0.008723,  -0.024394,   0.010361,  
Speed[A/fs],   0.210704,   0.201395,   0.697532,   0.686365,  
 
r_seed=142,   C[0],   C[1],   H[2],   H[3],  
Charges,    2.0653000000,    2.2552000000,    0.9991000000,    0.9999000000,  
Time[fs], 120.000000, 120.000000, 120.000000, 120.000000,  
Charge Sum,    6.3195000000, 
X Velocity[A/fs],  -0.210344,   0.201261,  -0.691052,   0.685698,  
Y Velocity[A/fs],  -0.014145,   0.012077,   0.078875,   0.016517, 
Z Velocity[A/fs],   0.003757,  -0.001075,  -0.027136,  -0.029646,  
Speed[A/fs],   0.210853,   0.201626,   0.696068,   0.686537,  
 
r_seed=143,   C[0],   C[1],   H[2],   H[3],  
Charges,    2.0653000000,    2.2552000000,    0.9991000000,    0.9999000000,  
Time[fs], 120.000000, 120.000000, 120.000000, 120.000000,  
Charge Sum,    6.3195000000, 
X Velocity[A/fs],  -0.208140,   0.203414,  -0.693937,   0.686689,  
Y Velocity[A/fs],  -0.011754,   0.007529,  -0.037532,  -0.028498, 
Z Velocity[A/fs],  -0.010156,   0.000376,   0.009502,   0.042484,  
Speed[A/fs],   0.208719,   0.203554,   0.695016,   0.688592,  
 
r_seed=144,   C[0],   C[1],   H[2],   H[3],  
Charges,    2.0653000000,    2.2552000000,    0.9991000000,    0.9999000000,  
Time[fs], 120.000000, 120.000000, 120.000000, 120.000000,  
Charge Sum,    6.3195000000, 
X Velocity[A/fs],  -0.205728,   0.204008,  -0.696191,   0.694157,  
Y Velocity[A/fs],  -0.007574,   0.000322,  -0.027685,   0.018059, 
Z Velocity[A/fs],   0.009042,  -0.004851,   0.012584,  -0.008559,  
Speed[A/fs],   0.206065,   0.204065,   0.696855,   0.694445,  
 
r_seed=145,   C[0],   C[1],   H[2],   H[3],  
Charges,    2.0653000000,    2.2552000000,    0.9991000000,    0.9999000000,  
Time[fs], 120.000000, 120.000000, 120.000000, 120.000000,  
Charge Sum,    6.3195000000, 
X Velocity[A/fs],  -0.211261,   0.200731,  -0.694513,   0.683329,  
Y Velocity[A/fs],   0.003286,  -0.009519,  -0.044232,  -0.018495, 
Z Velocity[A/fs],   0.003738,  -0.004336,  -0.034745,   0.060671,  
Speed[A/fs],   0.211319,   0.201003,   0.696787,   0.686266,  
 
r_seed=146,   C[0],   C[1],   H[2],   H[3],  
Charges,    2.0653000000,    2.2552000000,    0.9991000000,    0.9999000000,  
Time[fs], 120.000000, 120.000000, 120.000000, 120.000000,  
Charge Sum,    6.3195000000, 
X Velocity[A/fs],  -0.205092,   0.206621,  -0.690457,   0.690101,  
Y Velocity[A/fs],  -0.004652,   0.010411,  -0.007396,   0.002827, 
Z Velocity[A/fs],  -0.012320,  -0.000620,   0.052800,   0.030290,  
Speed[A/fs],   0.205514,   0.206884,   0.692513,   0.690771,  
 
r_seed=147,   C[0],   C[1],   H[2],   H[3],  
Charges,    2.0653000000,    2.2552000000,    0.9991000000,    0.9999000000,  
Time[fs], 120.000000, 120.000000, 120.000000, 120.000000,  
Charge Sum,    6.3195000000, 
X Velocity[A/fs],  -0.212007,   0.198745,  -0.695617,   0.686566,  
Y Velocity[A/fs],   0.003584,   0.000049,  -0.013291,  -0.024659, 
Z Velocity[A/fs],   0.016081,  -0.009411,  -0.054258,  -0.022345,  
Speed[A/fs],   0.212646,   0.198967,   0.697856,   0.687372,  
 
r_seed=148,   C[0],   C[1],   H[2],   H[3],  
Charges,    2.0653000000,    2.2552000000,    0.9991000000,    0.9999000000,  
Time[fs], 120.000000, 120.000000, 120.000000, 120.000000,  
Charge Sum,    6.3195000000, 
X Velocity[A/fs],  -0.206067,   0.204356,  -0.697807,   0.687668,  
Y Velocity[A/fs],   0.006253,  -0.007139,  -0.009812,   0.004674, 
Z Velocity[A/fs],   0.002358,  -0.007425,   0.007302,   0.068133,  
Speed[A/fs],   0.206175,   0.204616,   0.697914,   0.691051,  
 
r_seed=149,   C[0],   C[1],   H[2],   H[3],  
Charges,    2.0653000000,    2.2552000000,    0.9991000000,    0.9999000000,  
Time[fs], 120.000000, 120.000000, 120.000000, 120.000000,  
Charge Sum,    6.3195000000, 
X Velocity[A/fs],  -0.210461,   0.200635,  -0.693456,   0.686852,  
Y Velocity[A/fs],   0.005200,  -0.002444,   0.019882,  -0.007896, 
Z Velocity[A/fs],  -0.013228,   0.004897,   0.081067,  -0.011491,  
Speed[A/fs],   0.210940,   0.200710,   0.698462,   0.686994,  
 
r_seed=150,   C[0],   C[1],   H[2],   H[3],  
Charges,    2.0653000000,    2.2552000000,    0.9991000000,    0.9999000000,  
Time[fs], 120.000000, 120.000000, 120.000000, 120.000000,  
Charge Sum,    6.3195000000, 
X Velocity[A/fs],  -0.208758,   0.201723,  -0.697035,   0.688395,  
Y Velocity[A/fs],   0.013597,  -0.000024,  -0.005354,  -0.014839, 
Z Velocity[A/fs],   0.011233,  -0.004735,  -0.015044,  -0.040394,  
Speed[A/fs],   0.209502,   0.201779,   0.697218,   0.689738,  
 
r_seed=151,   C[0],   C[1],   H[2],   H[3],  
Charges,    2.0653000000,    2.2552000000,    0.9991000000,    0.9999000000,  
Time[fs], 120.000000, 120.000000, 120.000000, 120.000000,  
Charge Sum,    6.3195000000, 
X Velocity[A/fs],  -0.204809,   0.206317,  -0.690800,   0.689220,  
Y Velocity[A/fs],  -0.008146,  -0.004606,   0.025619,   0.067311, 
Z Velocity[A/fs],   0.002084,  -0.009224,   0.013376,   0.057487,  
Speed[A/fs],   0.204982,   0.206575,   0.691405,   0.694881,  
 
r_seed=152,   C[0],   C[1],   H[2],   H[3],  
Charges,    2.0653000000,    2.2552000000,    0.9991000000,    0.9999000000,  
Time[fs], 120.000000, 120.000000, 120.000000, 120.000000,  
Charge Sum,    6.3195000000, 
X Velocity[A/fs],  -0.209224,   0.202026,  -0.696911,   0.686915,  
Y Velocity[A/fs],  -0.007535,  -0.000712,   0.036319,  -0.014005, 
Z Velocity[A/fs],  -0.007553,   0.001739,  -0.039632,  -0.004690,  
Speed[A/fs],   0.209496,   0.202034,   0.698981,   0.687074,  
 
r_seed=153,   C[0],   C[1],   H[2],   H[3],  
Charges,    2.0653000000,    2.2552000000,    0.9991000000,    0.9999000000,  
Time[fs], 120.000000, 120.000000, 120.000000, 120.000000,  
Charge Sum,    6.3195000000, 
X Velocity[A/fs],  -0.205047,   0.206682,  -0.689164,   0.690264,  
Y Velocity[A/fs],  -0.011715,   0.006970,   0.053238,   0.021843, 
Z Velocity[A/fs],   0.007754,  -0.004940,   0.007844,  -0.045168,  
Speed[A/fs],   0.205528,   0.206858,   0.691262,   0.692085,  
 
r_seed=154,   C[0],   C[1],   H[2],   H[3],  
Charges,    2.0653000000,    2.2552000000,    0.9991000000,    0.9999000000,  
Time[fs], 120.000000, 120.000000, 120.000000, 120.000000,  
Charge Sum,    6.3195000000, 
X Velocity[A/fs],  -0.211909,   0.198500,  -0.701286,   0.686502,  
Y Velocity[A/fs],  -0.004494,   0.002395,   0.029402,   0.005348, 
Z Velocity[A/fs],   0.001818,  -0.001504,  -0.029862,  -0.013301,  
Speed[A/fs],   0.211964,   0.198520,   0.702537,   0.686651,  
 
r_seed=155,   C[0],   C[1],   H[2],   H[3],  
Charges,    2.0653000000,    2.2552000000,    0.9991000000,    0.9999000000,  
Time[fs], 120.000000, 120.000000, 120.000000, 120.000000,  
Charge Sum,    6.3195000000, 
X Velocity[A/fs],  -0.209469,   0.201883,  -0.694592,   0.687650,  
Y Velocity[A/fs],   0.003495,  -0.008798,  -0.041439,   0.027931, 
Z Velocity[A/fs],  -0.013724,   0.000299,   0.000987,  -0.020190,  
Speed[A/fs],   0.209947,   0.202074,   0.695828,   0.688513,  
 
r_seed=156,   C[0],   C[1],   H[2],   H[3],  
Charges,    2.0653000000,    2.2552000000,    0.9991000000,    0.9999000000,  
Time[fs], 120.000000, 120.000000, 120.000000, 120.000000,  
Charge Sum,    6.3195000000, 
X Velocity[A/fs],  -0.206293,   0.205188,  -0.690327,   0.689834,  
Y Velocity[A/fs],   0.002704,  -0.008497,   0.024792,   0.070290, 
Z Velocity[A/fs],   0.003877,   0.003046,   0.039425,  -0.022336,  
Speed[A/fs],   0.206347,   0.205387,   0.691897,   0.693766,  
 
r_seed=157,   C[0],   C[1],   H[2],   H[3],  
Charges,    2.0653000000,    2.2552000000,    0.9991000000,    0.9999000000,  
Time[fs], 120.000000, 120.000000, 120.000000, 120.000000,  
Charge Sum,    6.3195000000, 
X Velocity[A/fs],  -0.213082,   0.198056,  -0.697244,   0.685996,  
Y Velocity[A/fs],   0.003577,   0.003861,  -0.055975,   0.007955, 
Z Velocity[A/fs],   0.002282,  -0.007188,  -0.023476,   0.009211,  
Speed[A/fs],   0.213124,   0.198224,   0.699881,   0.686104,  
 
r_seed=158,   C[0],   C[1],   H[2],   H[3],  
Charges,    2.0653000000,    2.2552000000,    0.9991000000,    0.9999000000,  
Time[fs], 120.000000, 120.000000, 120.000000, 120.000000,  
Charge Sum,    6.3195000000, 
X Velocity[A/fs],  -0.204952,   0.205605,  -0.694113,   0.692367,  
Y Velocity[A/fs],   0.006998,  -0.002043,  -0.012644,  -0.025973, 
Z Velocity[A/fs],  -0.012318,  -0.002461,   0.016418,  -0.031297,  
Speed[A/fs],   0.205442,   0.205630,   0.694423,   0.693560,  
 
r_seed=159,   C[0],   C[1],   H[2],   H[3],  
Charges,    2.0653000000,    2.2552000000,    0.9991000000,    0.9999000000,  
Time[fs], 120.000000, 120.000000, 120.000000, 120.000000,  
Charge Sum,    6.3195000000, 
X Velocity[A/fs],  -0.211730,   0.199949,  -0.694353,   0.683083,  
Y Velocity[A/fs],   0.012119,  -0.010490,  -0.010493,   0.004676, 
Z Velocity[A/fs],   0.008285,  -0.007364,  -0.060763,   0.048833,  
Speed[A/fs],   0.212238,   0.200359,   0.697085,   0.684843,  
 
r_seed=160,   C[0],   C[1],   H[2],   H[3],  
Charges,    2.0653000000,    2.2552000000,    0.9991000000,    0.9999000000,  
Time[fs], 120.000000, 120.000000, 120.000000, 120.000000,  
Charge Sum,    6.3195000000, 
X Velocity[A/fs],  -0.203407,   0.208352,  -0.688835,   0.693820,  
Y Velocity[A/fs],  -0.001556,  -0.004968,  -0.002612,   0.000009, 
Z Velocity[A/fs],   0.003085,   0.004365,  -0.054734,  -0.015091,  
Speed[A/fs],   0.203437,   0.208457,   0.691011,   0.693984,  
 
r_seed=161,   C[0],   C[1],   H[2],   H[3],  
Charges,    2.0653000000,    2.2552000000,    0.9991000000,    0.9999000000,  
Time[fs], 120.000000, 120.000000, 120.000000, 120.000000,  
Charge Sum,    6.3195000000, 
X Velocity[A/fs],  -0.208194,   0.202256,  -0.695671,   0.688940,  
Y Velocity[A/fs],  -0.006261,   0.002001,  -0.006085,  -0.036559, 
Z Velocity[A/fs],  -0.017059,   0.010843,  -0.002130,  -0.026490,  
Speed[A/fs],   0.208985,   0.202556,   0.695701,   0.690418,  
 
r_seed=162,   C[0],   C[1],   H[2],   H[3],  
Charges,    2.0653000000,    2.2552000000,    0.9991000000,    0.9999000000,  
Time[fs], 120.000000, 120.000000, 120.000000, 120.000000,  
Charge Sum,    6.3195000000, 
X Velocity[A/fs],  -0.208054,   0.202575,  -0.697574,   0.686342,  
Y Velocity[A/fs],  -0.007636,  -0.002594,   0.017267,   0.055414, 
Z Velocity[A/fs],   0.009009,  -0.010844,  -0.028448,   0.016148,  
Speed[A/fs],   0.208389,   0.202882,   0.698368,   0.688764,  
 
r_seed=163,   C[0],   C[1],   H[2],   H[3],  
Charges,    2.0653000000,    2.2552000000,    0.9991000000,    0.9999000000,  
Time[fs], 120.000000, 120.000000, 120.000000, 120.000000,  
Charge Sum,    6.3195000000, 
X Velocity[A/fs],  -0.205707,   0.206016,  -0.691767,   0.691098,  
Y Velocity[A/fs],   0.001454,  -0.011692,   0.033815,  -0.019016, 
Z Velocity[A/fs],  -0.002099,  -0.001976,   0.017266,  -0.019166,  
Speed[A/fs],   0.205723,   0.206357,   0.692808,   0.691625,  
 
r_seed=164,   C[0],   C[1],   H[2],   H[3],  
Charges,    2.0653000000,    2.2552000000,    0.9991000000,    0.9999000000,  
Time[fs], 120.000000, 120.000000, 120.000000, 120.000000,  
Charge Sum,    6.3195000000, 
X Velocity[A/fs],  -0.211398,   0.200933,  -0.696963,   0.684516,  
Y Velocity[A/fs],  -0.002541,   0.007156,  -0.010604,  -0.017594, 
Z Velocity[A/fs],   0.004176,   0.004705,   0.020585,   0.009144,  
Speed[A/fs],   0.211454,   0.201116,   0.697348,   0.684803,  
 
r_seed=165,   C[0],   C[1],   H[2],   H[3],  
Charges,    2.0653000000,    2.2552000000,    0.9991000000,    0.9999000000,  
Time[fs], 120.000000, 120.000000, 120.000000, 120.000000,  
Charge Sum,    6.3195000000, 
X Velocity[A/fs],  -0.207614,   0.203587,  -0.690031,   0.689402,  
Y Velocity[A/fs],  -0.001775,   0.000791,   0.076044,  -0.029567, 
Z Velocity[A/fs],   0.008932,  -0.016358,  -0.007912,   0.015428,  
Speed[A/fs],   0.207813,   0.204245,   0.694254,   0.690208,  
 
r_seed=166,   C[0],   C[1],   H[2],   H[3],  
Charges,    2.0653000000,    2.2552000000,    0.9991000000,    0.9999000000,  
Time[fs], 120.000000, 120.000000, 120.000000, 120.000000,  
Charge Sum,    6.3195000000, 
X Velocity[A/fs],  -0.208251,   0.203788,  -0.694083,   0.686169,  
Y Velocity[A/fs],   0.003805,  -0.005190,  -0.027184,   0.018173, 
Z Velocity[A/fs],  -0.002628,  -0.004647,   0.056293,  -0.026414,  
Speed[A/fs],   0.208302,   0.203908,   0.696893,   0.686918,  
 
r_seed=167,   C[0],   C[1],   H[2],   H[3],  
Charges,    2.0653000000,    2.2552000000,    0.9991000000,    0.9999000000,  
Time[fs], 120.000000, 120.000000, 120.000000, 120.000000,  
Charge Sum,    6.3195000000, 
X Velocity[A/fs],  -0.209151,   0.201064,  -0.693975,   0.688537,  
Y Velocity[A/fs],   0.002387,   0.008679,  -0.030312,  -0.033084, 
Z Velocity[A/fs],   0.018238,  -0.016300,  -0.031122,   0.017684,  
Speed[A/fs],   0.209958,   0.201911,   0.695334,   0.689558,  
 
r_seed=168,   C[0],   C[1],   H[2],   H[3],  
Charges,    2.0653000000,    2.2552000000,    0.9991000000,    0.9999000000,  
Time[fs], 120.000000, 120.000000, 120.000000, 120.000000,  
Charge Sum,    6.3195000000, 
X Velocity[A/fs],  -0.201924,   0.208232,  -0.690449,   0.697653,  
Y Velocity[A/fs],   0.009843,   0.001522,  -0.041120,   0.003464, 
Z Velocity[A/fs],   0.003887,  -0.007514,   0.018806,   0.001506,  
Speed[A/fs],   0.202202,   0.208373,   0.691928,   0.697663,  
 
r_seed=169,   C[0],   C[1],   H[2],   H[3],  
Charges,    2.0653000000,    2.2552000000,    0.9991000000,    0.9999000000,  
Time[fs], 120.000000, 120.000000, 120.000000, 120.000000,  
Charge Sum,    6.3195000000, 
X Velocity[A/fs],  -0.214321,   0.197354,  -0.698982,   0.682661,  
Y Velocity[A/fs],  -0.000507,  -0.005152,   0.008819,   0.044113, 
Z Velocity[A/fs],  -0.000924,  -0.005606,  -0.023128,   0.025929,  
Speed[A/fs],   0.214324,   0.197501,   0.699420,   0.684576,  
 
r_seed=170,   C[0],   C[1],   H[2],   H[3],  
Charges,    2.0653000000,    2.2552000000,    0.9991000000,    0.9999000000,  
Time[fs], 120.000000, 120.000000, 120.000000, 120.000000,  
Charge Sum,    6.3195000000, 
X Velocity[A/fs],  -0.207462,   0.202147,  -0.696064,   0.691913,  
Y Velocity[A/fs],  -0.004973,  -0.003585,  -0.001410,   0.004427, 
Z Velocity[A/fs],   0.018184,  -0.013045,  -0.011008,   0.021132,  
Speed[A/fs],   0.208317,   0.202599,   0.696152,   0.692250,  
 
r_seed=171,   C[0],   C[1],   H[2],   H[3],  
Charges,    2.0653000000,    2.2552000000,    0.9991000000,    0.9999000000,  
Time[fs], 120.000000, 120.000000, 120.000000, 120.000000,  
Charge Sum,    6.3195000000, 
X Velocity[A/fs],  -0.210653,   0.200439,  -0.694938,   0.685906,  
Y Velocity[A/fs],  -0.013683,   0.013041,   0.005582,   0.014764, 
Z Velocity[A/fs],   0.006811,  -0.016256,   0.027580,  -0.010708,  
Speed[A/fs],   0.211207,   0.201520,   0.695508,   0.686148,  
 
r_seed=172,   C[0],   C[1],   H[2],   H[3],  
Charges,    2.0653000000,    2.2552000000,    0.9991000000,    0.9999000000,  
Time[fs], 120.000000, 120.000000, 120.000000, 120.000000,  
Charge Sum,    6.3195000000, 
X Velocity[A/fs],  -0.207290,   0.203671,  -0.696542,   0.686632,  
Y Velocity[A/fs],  -0.008384,   0.005375,   0.018020,  -0.020251, 
Z Velocity[A/fs],  -0.000908,  -0.005534,  -0.035588,   0.059663,  
Speed[A/fs],   0.207461,   0.203818,   0.697684,   0.689516,  
 
r_seed=173,   C[0],   C[1],   H[2],   H[3],  
Charges,    2.0653000000,    2.2552000000,    0.9991000000,    0.9999000000,  
Time[fs], 120.000000, 120.000000, 120.000000, 120.000000,  
Charge Sum,    6.3195000000, 
X Velocity[A/fs],  -0.211492,   0.199925,  -0.695612,   0.683185,  
Y Velocity[A/fs],   0.000127,  -0.008567,   0.033031,   0.053026, 
Z Velocity[A/fs],   0.013704,  -0.014330,   0.020667,   0.014656,  
Speed[A/fs],   0.211935,   0.200621,   0.696703,   0.685397,  
 
r_seed=174,   C[0],   C[1],   H[2],   H[3],  
Charges,    2.0653000000,    2.2552000000,    0.9991000000,    0.9999000000,  
Time[fs], 120.000000, 120.000000, 120.000000, 120.000000,  
Charge Sum,    6.3195000000, 
X Velocity[A/fs],  -0.212406,   0.198953,  -0.697255,   0.684339,  
Y Velocity[A/fs],   0.004344,  -0.008378,  -0.028386,   0.059967, 
Z Velocity[A/fs],   0.000222,   0.003262,  -0.025440,   0.007803,  
Speed[A/fs],   0.212451,   0.199156,   0.698296,   0.687005,  
 
r_seed=175,   C[0],   C[1],   H[2],   H[3],  
Charges,    2.0653000000,    2.2552000000,    0.9991000000,    0.9999000000,  
Time[fs], 120.000000, 120.000000, 120.000000, 120.000000,  
Charge Sum,    6.3195000000, 
X Velocity[A/fs],  -0.205172,   0.205542,  -0.692280,   0.693510,  
Y Velocity[A/fs],   0.003315,   0.001048,   0.033300,   0.030866, 
Z Velocity[A/fs],  -0.008706,   0.011263,   0.006261,   0.013692,  
Speed[A/fs],   0.205383,   0.205853,   0.693108,   0.694332,  
 
r_seed=176,   C[0],   C[1],   H[2],   H[3],  
Charges,    2.0653000000,    2.2552000000,    0.9991000000,    0.9999000000,  
Time[fs], 120.000000, 120.000000, 120.000000, 120.000000,  
Charge Sum,    6.3195000000, 
X Velocity[A/fs],  -0.206536,   0.205003,  -0.692527,   0.689295,  
Y Velocity[A/fs],   0.001585,  -0.000848,   0.053909,  -0.029905, 
Z Velocity[A/fs],   0.003330,   0.010809,   0.027385,  -0.009065,  
Speed[A/fs],   0.206569,   0.205289,   0.695161,   0.690003,  
 
r_seed=177,   C[0],   C[1],   H[2],   H[3],  
Charges,    2.0653000000,    2.2552000000,    0.9991000000,    0.9999000000,  
Time[fs], 120.000000, 120.000000, 120.000000, 120.000000,  
Charge Sum,    6.3195000000, 
X Velocity[A/fs],  -0.209534,   0.200504,  -0.695267,   0.689389,  
Y Velocity[A/fs],   0.014155,  -0.014452,  -0.037216,   0.033132, 
Z Velocity[A/fs],  -0.004029,   0.008880,   0.017578,  -0.020104,  
Speed[A/fs],   0.210051,   0.201221,   0.696484,   0.690478,  
 
r_seed=178,   C[0],   C[1],   H[2],   H[3],  
Charges,    2.0653000000,    2.2552000000,    0.9991000000,    0.9999000000,  
Time[fs], 120.000000, 120.000000, 120.000000, 120.000000,  
Charge Sum,    6.3195000000, 
X Velocity[A/fs],  -0.203636,   0.207093,  -0.690901,   0.692516,  
Y Velocity[A/fs],  -0.009405,   0.007754,   0.005791,   0.034411, 
Z Velocity[A/fs],   0.006757,  -0.004595,  -0.036544,  -0.053518,  
Speed[A/fs],   0.203965,   0.207289,   0.691891,   0.695432,  
 
r_seed=179,   C[0],   C[1],   H[2],   H[3],  
Charges,    2.0653000000,    2.2552000000,    0.9991000000,    0.9999000000,  
Time[fs], 120.000000, 120.000000, 120.000000, 120.000000,  
Charge Sum,    6.3195000000, 
X Velocity[A/fs],  -0.210365,   0.201378,  -0.694213,   0.687106,  
Y Velocity[A/fs],  -0.004458,   0.003465,  -0.024053,   0.004681, 
Z Velocity[A/fs],   0.008904,   0.002919,  -0.057300,  -0.012175,  
Speed[A/fs],   0.210600,   0.201429,   0.696989,   0.687230,  
 
r_seed=180,   C[0],   C[1],   H[2],   H[3],  
Charges,    2.0653000000,    2.2552000000,    0.9991000000,    0.9999000000,  
Time[fs], 120.000000, 120.000000, 120.000000, 120.000000,  
Charge Sum,    6.3195000000, 
X Velocity[A/fs],  -0.205771,   0.204431,  -0.694223,   0.693081,  
Y Velocity[A/fs],  -0.004154,   0.000734,  -0.024693,  -0.035093, 
Z Velocity[A/fs],  -0.005892,   0.009911,   0.009264,   0.038695,  
Speed[A/fs],   0.205898,   0.204673,   0.694724,   0.695047,  
 
r_seed=181,   C[0],   C[1],   H[2],   H[3],  
Charges,    2.0653000000,    2.2552000000,    0.9991000000,    0.9999000000,  
Time[fs], 120.000000, 120.000000, 120.000000, 120.000000,  
Charge Sum,    6.3195000000, 
X Velocity[A/fs],  -0.210271,   0.201569,  -0.690744,   0.687165,  
Y Velocity[A/fs],  -0.001398,  -0.012574,  -0.000125,   0.008538, 
Z Velocity[A/fs],  -0.012030,   0.006944,   0.072160,   0.014267,  
Speed[A/fs],   0.210619,   0.202080,   0.694503,   0.687366,  
 
r_seed=182,   C[0],   C[1],   H[2],   H[3],  
Charges,    2.0653000000,    2.2552000000,    0.9991000000,    0.9999000000,  
Time[fs], 120.000000, 120.000000, 120.000000, 120.000000,  
Charge Sum,    6.3195000000, 
X Velocity[A/fs],  -0.205631,   0.204879,  -0.695656,   0.691184,  
Y Velocity[A/fs],  -0.004790,   0.011301,  -0.002142,   0.012505, 
Z Velocity[A/fs],   0.005378,   0.007382,  -0.017662,  -0.033083,  
Speed[A/fs],   0.205757,   0.205323,   0.695883,   0.692088,  
 
r_seed=183,   C[0],   C[1],   H[2],   H[3],  
Charges,    2.0653000000,    2.2552000000,    0.9991000000,    0.9999000000,  
Time[fs], 120.000000, 120.000000, 120.000000, 120.000000,  
Charge Sum,    6.3195000000, 
X Velocity[A/fs],  -0.213158,   0.198813,  -0.696321,   0.682897,  
Y Velocity[A/fs],   0.000751,  -0.001232,   0.005987,   0.026287, 
Z Velocity[A/fs],  -0.009842,   0.017977,   0.024262,  -0.001277,  
Speed[A/fs],   0.213387,   0.199628,   0.696769,   0.683404,  
 
r_seed=184,   C[0],   C[1],   H[2],   H[3],  
Charges,    2.0653000000,    2.2552000000,    0.9991000000,    0.9999000000,  
Time[fs], 120.000000, 120.000000, 120.000000, 120.000000,  
Charge Sum,    6.3195000000, 
X Velocity[A/fs],  -0.209902,   0.200413,  -0.699261,   0.686097,  
Y Velocity[A/fs],   0.005457,  -0.008794,   0.017740,   0.057858, 
Z Velocity[A/fs],  -0.007427,   0.008853,  -0.015020,   0.001690,  
Speed[A/fs],   0.210104,   0.200801,   0.699648,   0.688535,  
 
r_seed=185,   C[0],   C[1],   H[2],   H[3],  
Charges,    2.0653000000,    2.2552000000,    0.9991000000,    0.9999000000,  
Time[fs], 120.000000, 120.000000, 120.000000, 120.000000,  
Charge Sum,    6.3195000000, 
X Velocity[A/fs],  -0.211035,   0.201097,  -0.696260,   0.681222,  
Y Velocity[A/fs],  -0.001563,   0.012015,   0.008914,  -0.037839, 
Z Velocity[A/fs],   0.002038,   0.011941,  -0.000928,  -0.059943,  
Speed[A/fs],   0.211051,   0.201809,   0.696318,   0.684900,  
 
r_seed=186,   C[0],   C[1],   H[2],   H[3],  
Charges,    2.0653000000,    2.2552000000,    0.9991000000,    0.9999000000,  
Time[fs], 120.000000, 120.000000, 120.000000, 120.000000,  
Charge Sum,    6.3195000000, 
X Velocity[A/fs],  -0.206717,   0.204596,  -0.693719,   0.688505,  
Y Velocity[A/fs],   0.005655,   0.004124,   0.029143,   0.009516, 
Z Velocity[A/fs],  -0.009113,   0.010265,   0.047126,  -0.027692,  
Speed[A/fs],   0.206995,   0.204895,   0.695928,   0.689127,  
 
r_seed=187,   C[0],   C[1],   H[2],   H[3],  
Charges,    2.0653000000,    2.2552000000,    0.9991000000,    0.9999000000,  
Time[fs], 120.000000, 120.000000, 120.000000, 120.000000,  
Charge Sum,    6.3195000000, 
X Velocity[A/fs],  -0.208977,   0.201414,  -0.697402,   0.689686,  
Y Velocity[A/fs],   0.011423,   0.004720,  -0.022069,  -0.012796, 
Z Velocity[A/fs],   0.008726,  -0.004318,  -0.023845,   0.004491,  
Speed[A/fs],   0.209471,   0.201516,   0.698159,   0.689820,  
 
r_seed=188,   C[0],   C[1],   H[2],   H[3],  
Charges,    2.0653000000,    2.2552000000,    0.9991000000,    0.9999000000,  
Time[fs], 120.000000, 120.000000, 120.000000, 120.000000,  
Charge Sum,    6.3195000000, 
X Velocity[A/fs],  -0.209813,   0.202160,  -0.691831,   0.685885,  
Y Velocity[A/fs],   0.001914,  -0.005987,  -0.079705,   0.023423, 
Z Velocity[A/fs],   0.001995,   0.003870,   0.034955,  -0.024166,  
Speed[A/fs],   0.209831,   0.202286,   0.697284,   0.686711,  
 
r_seed=189,   C[0],   C[1],   H[2],   H[3],  
Charges,    2.0653000000,    2.2552000000,    0.9991000000,    0.9999000000,  
Time[fs], 120.000000, 120.000000, 120.000000, 120.000000,  
Charge Sum,    6.3195000000, 
X Velocity[A/fs],  -0.209039,   0.201964,  -0.696597,   0.687574,  
Y Velocity[A/fs],  -0.006732,   0.010684,  -0.014650,  -0.039315, 
Z Velocity[A/fs],  -0.005198,   0.007660,  -0.021487,   0.013861,  
Speed[A/fs],   0.209211,   0.202391,   0.697083,   0.688837,  
 
r_seed=190,   C[0],   C[1],   H[2],   H[3],  
Charges,    2.0653000000,    2.2552000000,    0.9991000000,    0.9999000000,  
Time[fs], 120.000000, 120.000000, 120.000000, 120.000000,  
Charge Sum,    6.3195000000, 
X Velocity[A/fs],  -0.212332,   0.199257,  -0.700551,   0.682978,  
Y Velocity[A/fs],  -0.004906,   0.004470,  -0.026705,   0.004185, 
Z Velocity[A/fs],   0.004840,   0.002031,   0.006654,  -0.027852,  
Speed[A/fs],   0.212444,   0.199317,   0.701091,   0.683558,  
 
r_seed=191,   C[0],   C[1],   H[2],   H[3],  
Charges,    2.0653000000,    2.2552000000,    0.9991000000,    0.9999000000,  
Time[fs], 120.000000, 120.000000, 120.000000, 120.000000,  
Charge Sum,    6.3195000000, 
X Velocity[A/fs],  -0.208649,   0.203012,  -0.692132,   0.687681,  
Y Velocity[A/fs],   0.005237,  -0.009644,  -0.033282,  -0.045724, 
Z Velocity[A/fs],   0.003376,   0.005230,  -0.039690,   0.039345,  
Speed[A/fs],   0.208742,   0.203308,   0.694067,   0.690322,  
 
r_seed=192,   C[0],   C[1],   H[2],   H[3],  
Charges,    2.0653000000,    2.2552000000,    0.9991000000,    0.9999000000,  
Time[fs], 120.000000, 120.000000, 120.000000, 120.000000,  
Charge Sum,    6.3195000000, 
X Velocity[A/fs],  -0.206731,   0.203263,  -0.696775,   0.690902,  
Y Velocity[A/fs],   0.004879,  -0.007958,  -0.025661,   0.002415, 
Z Velocity[A/fs],  -0.009786,   0.014927,  -0.011332,   0.004638,  
Speed[A/fs],   0.207020,   0.203966,   0.697339,   0.690922,  
 
r_seed=193,   C[0],   C[1],   H[2],   H[3],  
Charges,    2.0653000000,    2.2552000000,    0.9991000000,    0.9999000000,  
Time[fs], 120.000000, 120.000000, 120.000000, 120.000000,  
Charge Sum,    6.3195000000, 
X Velocity[A/fs],  -0.210546,   0.201119,  -0.693846,   0.685693,  
Y Velocity[A/fs],   0.002602,   0.002675,  -0.005996,   0.021096, 
Z Velocity[A/fs],   0.001276,   0.006255,   0.048978,  -0.068395,  
Speed[A/fs],   0.210566,   0.201234,   0.695599,   0.689419,  
 
r_seed=194,   C[0],   C[1],   H[2],   H[3],  
Charges,    2.0653000000,    2.2552000000,    0.9991000000,    0.9999000000,  
Time[fs], 120.000000, 120.000000, 120.000000, 120.000000,  
Charge Sum,    6.3195000000, 
X Velocity[A/fs],  -0.209009,   0.201269,  -0.697682,   0.689798,  
Y Velocity[A/fs],   0.013059,  -0.004786,  -0.005325,  -0.005110, 
Z Velocity[A/fs],   0.000705,   0.005484,  -0.030540,   0.023911,  
Speed[A/fs],   0.209418,   0.201400,   0.698370,   0.690231,  
 
r_seed=195,   C[0],   C[1],   H[2],   H[3],  
Charges,    2.0653000000,    2.2552000000,    0.9991000000,    0.9999000000,  
Time[fs], 120.000000, 120.000000, 120.000000, 120.000000,  
Charge Sum,    6.3195000000, 
X Velocity[A/fs],  -0.210827,   0.201019,  -0.695816,   0.681057,  
Y Velocity[A/fs],   0.010015,  -0.015930,   0.010610,   0.069407, 
Z Velocity[A/fs],  -0.008316,   0.006297,   0.020894,  -0.003631,  
Speed[A/fs],   0.211229,   0.201747,   0.696211,   0.684594,  
 
r_seed=196,   C[0],   C[1],   H[2],   H[3],  
Charges,    2.0653000000,    2.2552000000,    0.9991000000,    0.9999000000,  
Time[fs], 120.000000, 120.000000, 120.000000, 120.000000,  
Charge Sum,    6.3195000000, 
X Velocity[A/fs],  -0.206413,   0.204467,  -0.692580,   0.690889,  
Y Velocity[A/fs],   0.010564,   0.000913,   0.033838,  -0.015553, 
Z Velocity[A/fs],   0.004787,   0.006814,  -0.048356,  -0.035627,  
Speed[A/fs],   0.206738,   0.204583,   0.695091,   0.691982,  
 
r_seed=197,   C[0],   C[1],   H[2],   H[3],  
Charges,    2.0653000000,    2.2552000000,    0.9991000000,    0.9999000000,  
Time[fs], 120.000000, 120.000000, 120.000000, 120.000000,  
Charge Sum,    6.3195000000, 
X Velocity[A/fs],  -0.214093,   0.197958,  -0.697236,   0.682100,  
Y Velocity[A/fs],  -0.016601,   0.006799,   0.025838,   0.021833, 
Z Velocity[A/fs],  -0.000104,   0.003125,  -0.002050,  -0.018639,  
Speed[A/fs],   0.214736,   0.198100,   0.697718,   0.682704,  
 
r_seed=198,   C[0],   C[1],   H[2],   H[3],  
Charges,    2.0653000000,    2.2552000000,    0.9991000000,    0.9999000000,  
Time[fs], 120.000000, 120.000000, 120.000000, 120.000000,  
Charge Sum,    6.3195000000, 
X Velocity[A/fs],  -0.209254,   0.202044,  -0.693585,   0.684953,  
Y Velocity[A/fs],  -0.007182,   0.000431,   0.056393,  -0.051798, 
Z Velocity[A/fs],  -0.012606,   0.010913,   0.031397,  -0.029376,  
Speed[A/fs],   0.209756,   0.202339,   0.696581,   0.687536,  
 
r_seed=199,   C[0],   C[1],   H[2],   H[3],  
Charges,    2.0653000000,    2.2552000000,    0.9991000000,    0.9999000000,  
Time[fs], 120.000000, 120.000000, 120.000000, 120.000000,  
Charge Sum,    6.3195000000, 
X Velocity[A/fs],  -0.212090,   0.199165,  -0.700607,   0.683482,  
Y Velocity[A/fs],   0.004293,   0.001604,  -0.035034,  -0.029625, 
Z Velocity[A/fs],   0.003396,  -0.004233,   0.018507,  -0.017027,  
Speed[A/fs],   0.212161,   0.199216,   0.701727,   0.684336,  
 
r_seed=200,   C[0],   C[1],   H[2],   H[3],  
Charges,    2.0653000000,    2.2552000000,    0.9991000000,    0.9999000000,  
Time[fs], 120.000000, 120.000000, 120.000000, 120.000000,  
Charge Sum,    6.3195000000, 
X Velocity[A/fs],  -0.209613,   0.201455,  -0.693579,   0.687601,  
Y Velocity[A/fs],   0.000453,   0.004749,  -0.075275,  -0.043707, 
Z Velocity[A/fs],  -0.003067,   0.003153,   0.027158,   0.014459,  
Speed[A/fs],   0.209636,   0.201535,   0.698180,   0.689141,  
 
